Id2,Geography,Estimate; EMPLOYMENT STATUS - Population 16 years and over,Percent; EMPLOYMENT STATUS - Population 16 years and over,Estimate; EMPLOYMENT STATUS - Population 16 years and over - Not in labor force,Percent; EMPLOYMENT STATUS - Population 16 years and over - Not in labor force,Estimate; EMPLOYMENT STATUS - Civilian labor force,Percent; EMPLOYMENT STATUS - Civilian labor force,Percent; EMPLOYMENT STATUS - Civilian labor force - Unemployment Rate,Estimate; EMPLOYMENT STATUS - Females 16 years and over,Percent; EMPLOYMENT STATUS - Females 16 years and over,Estimate; EMPLOYMENT STATUS - Females 16 years and over - In labor force,Percent; EMPLOYMENT STATUS - Females 16 years and over - In labor force,Estimate; EMPLOYMENT STATUS - Females 16 years and over - In labor force - Civilian labor force,Percent; EMPLOYMENT STATUS - Females 16 years and over - In labor force - Civilian labor force,Estimate; EMPLOYMENT STATUS - Females 16 years and over - In labor force - Civilian labor force - Employed,Percent; EMPLOYMENT STATUS - Females 16 years and over - In labor force - Civilian labor force - Employed,Estimate; COMMUTING TO WORK - Workers 16 years and over,Percent; COMMUTING TO WORK - Workers 16 years and over,"Estimate; COMMUTING TO WORK - Workers 16 years and over - Car, truck, or van -- drove alone","Percent; COMMUTING TO WORK - Workers 16 years and over - Car, truck, or van -- drove alone","Estimate; COMMUTING TO WORK - Workers 16 years and over - Car, truck, or van -- carpooled","Percent; COMMUTING TO WORK - Workers 16 years and over - Car, truck, or van -- carpooled",Estimate; COMMUTING TO WORK - Workers 16 years and over - Public transportation (excluding taxicab),Percent; COMMUTING TO WORK - Workers 16 years and over - Public transportation (excluding taxicab),Estimate; COMMUTING TO WORK - Workers 16 years and over - Walked,Percent; COMMUTING TO WORK - Workers 16 years and over - Walked,Estimate; COMMUTING TO WORK - Workers 16 years and over - Other means,Percent; COMMUTING TO WORK - Workers 16 years and over - Other means,Estimate; COMMUTING TO WORK - Workers 16 years and over - Worked at home,Percent; COMMUTING TO WORK - Workers 16 years and over - Worked at home,Estimate; COMMUTING TO WORK - Mean travel time to work (minutes),Estimate; OCCUPATION - Civilian employed population 16 years and over,Percent; OCCUPATION - Civilian employed population 16 years and over,"Estimate; OCCUPATION - Civilian employed population 16 years and over - Management, business, science, and arts occupations","Percent; OCCUPATION - Civilian employed population 16 years and over - Management, business, science, and arts occupations",Estimate; OCCUPATION - Civilian employed population 16 years and over - Service occupations,Percent; OCCUPATION - Civilian employed population 16 years and over - Service occupations,Estimate; OCCUPATION - Civilian employed population 16 years and over - Sales and office occupations,Percent; OCCUPATION - Civilian employed population 16 years and over - Sales and office occupations,"Estimate; OCCUPATION - Civilian employed population 16 years and over - Natural resources, construction, and maintenance occupations","Percent; OCCUPATION - Civilian employed population 16 years and over - Natural resources, construction, and maintenance occupations","Estimate; OCCUPATION - Civilian employed population 16 years and over - Production, transportation, and material moving occupations","Percent; OCCUPATION - Civilian employed population 16 years and over - Production, transportation, and material moving occupations",Estimate; CLASS OF WORKER - Civilian employed population 16 years and over,Percent; CLASS OF WORKER - Civilian employed population 16 years and over,Estimate; CLASS OF WORKER - Civilian employed population 16 years and over - Private wage and salary workers,Percent; CLASS OF WORKER - Civilian employed population 16 years and over - Private wage and salary workers,Estimate; CLASS OF WORKER - Civilian employed population 16 years and over - Government workers,Percent; CLASS OF WORKER - Civilian employed population 16 years and over - Government workers,Estimate; CLASS OF WORKER - Civilian employed population 16 years and over - Self-employed in own not incorporated business workers,Percent; CLASS OF WORKER - Civilian employed population 16 years and over - Self-employed in own not incorporated business workers,Estimate; CLASS OF WORKER - Civilian employed population 16 years and over - Unpaid family workers,Percent; CLASS OF WORKER - Civilian employed population 16 years and over - Unpaid family workers,Estimate; INCOME AND BENEFITS (IN 2017 INFLATION-ADJUSTED DOLLARS) - Total households,Percent; INCOME AND BENEFITS (IN 2017 INFLATION-ADJUSTED DOLLARS) - Total households,"Estimate; INCOME AND BENEFITS (IN 2017 INFLATION-ADJUSTED DOLLARS) - Total households - Less than $10,000","Percent; INCOME AND BENEFITS (IN 2017 INFLATION-ADJUSTED DOLLARS) - Total households - Less than $10,000","Estimate; INCOME AND BENEFITS (IN 2017 INFLATION-ADJUSTED DOLLARS) - Total households - $10,000 to $14,999","Percent; INCOME AND BENEFITS (IN 2017 INFLATION-ADJUSTED DOLLARS) - Total households - $10,000 to $14,999","Estimate; INCOME AND BENEFITS (IN 2017 INFLATION-ADJUSTED DOLLARS) - Total households - $15,000 to $24,999","Percent; INCOME AND BENEFITS (IN 2017 INFLATION-ADJUSTED DOLLARS) - Total households - $15,000 to $24,999","Estimate; INCOME AND BENEFITS (IN 2017 INFLATION-ADJUSTED DOLLARS) - Total households - $25,000 to $34,999","Percent; INCOME AND BENEFITS (IN 2017 INFLATION-ADJUSTED DOLLARS) - Total households - $25,000 to $34,999","Estimate; INCOME AND BENEFITS (IN 2017 INFLATION-ADJUSTED DOLLARS) - Total households - $35,000 to $49,999","Percent; INCOME AND BENEFITS (IN 2017 INFLATION-ADJUSTED DOLLARS) - Total households - $35,000 to $49,999","Estimate; INCOME AND BENEFITS (IN 2017 INFLATION-ADJUSTED DOLLARS) - Total households - $50,000 to $74,999","Percent; INCOME AND BENEFITS (IN 2017 INFLATION-ADJUSTED DOLLARS) - Total households - $50,000 to $74,999","Estimate; INCOME AND BENEFITS (IN 2017 INFLATION-ADJUSTED DOLLARS) - Total households - $75,000 to $99,999","Percent; INCOME AND BENEFITS (IN 2017 INFLATION-ADJUSTED DOLLARS) - Total households - $75,000 to $99,999","Estimate; INCOME AND BENEFITS (IN 2017 INFLATION-ADJUSTED DOLLARS) - Total households - $100,000 to $149,999","Percent; INCOME AND BENEFITS (IN 2017 INFLATION-ADJUSTED DOLLARS) - Total households - $100,000 to $149,999","Estimate; INCOME AND BENEFITS (IN 2017 INFLATION-ADJUSTED DOLLARS) - Total households - $150,000 to $199,999","Percent; INCOME AND BENEFITS (IN 2017 INFLATION-ADJUSTED DOLLARS) - Total households - $150,000 to $199,999","Estimate; INCOME AND BENEFITS (IN 2017 INFLATION-ADJUSTED DOLLARS) - Total households - $200,000 or more","Percent; INCOME AND BENEFITS (IN 2017 INFLATION-ADJUSTED DOLLARS) - Total households - $200,000 or more",Estimate; INCOME AND BENEFITS (IN 2017 INFLATION-ADJUSTED DOLLARS) - Total households - Median household income (dollars),Percent; INCOME AND BENEFITS (IN 2017 INFLATION-ADJUSTED DOLLARS) - Total households - Median household income (dollars),Estimate; INCOME AND BENEFITS (IN 2017 INFLATION-ADJUSTED DOLLARS) - Total households - Mean household income (dollars),Percent; INCOME AND BENEFITS (IN 2017 INFLATION-ADJUSTED DOLLARS) - Total households - Mean household income (dollars),Estimate; INCOME AND BENEFITS (IN 2017 INFLATION-ADJUSTED DOLLARS) - Per capita income (dollars),Percent; INCOME AND BENEFITS (IN 2017 INFLATION-ADJUSTED DOLLARS) - Per capita income (dollars),Estimate; INCOME AND BENEFITS (IN 2017 INFLATION-ADJUSTED DOLLARS) - Median earnings for workers (dollars),Percent; INCOME AND BENEFITS (IN 2017 INFLATION-ADJUSTED DOLLARS) - Median earnings for workers (dollars),"Estimate; INCOME AND BENEFITS (IN 2017 INFLATION-ADJUSTED DOLLARS) - Median earnings for male full-time, year-round workers (dollars)","Percent; INCOME AND BENEFITS (IN 2017 INFLATION-ADJUSTED DOLLARS) - Median earnings for male full-time, year-round workers (dollars)","Estimate; INCOME AND BENEFITS (IN 2017 INFLATION-ADJUSTED DOLLARS) - Median earnings for female full-time, year-round workers (dollars)","Percent; INCOME AND BENEFITS (IN 2017 INFLATION-ADJUSTED DOLLARS) - Median earnings for female full-time, year-round workers (dollars)",Estimate; HEALTH INSURANCE COVERAGE - Civilian noninstitutionalized population,Percent; HEALTH INSURANCE COVERAGE - Civilian noninstitutionalized population,Estimate; HEALTH INSURANCE COVERAGE - Civilian noninstitutionalized population - With health insurance coverage,Percent; HEALTH INSURANCE COVERAGE - Civilian noninstitutionalized population - With health insurance coverage,Estimate; HEALTH INSURANCE COVERAGE - Civilian noninstitutionalized population - With health insurance coverage - With private health insurance,Percent; HEALTH INSURANCE COVERAGE - Civilian noninstitutionalized population - With health insurance coverage - With private health insurance,Estimate; HEALTH INSURANCE COVERAGE - Civilian noninstitutionalized population - With health insurance coverage - With public coverage,Percent; HEALTH INSURANCE COVERAGE - Civilian noninstitutionalized population - With health insurance coverage - With public coverage,Estimate; HEALTH INSURANCE COVERAGE - Civilian noninstitutionalized population - No health insurance coverage,Percent; HEALTH INSURANCE COVERAGE - Civilian noninstitutionalized population - No health insurance coverage,Estimate; PERCENTAGE OF FAMILIES AND PEOPLE WHOSE INCOME IN THE PAST 12 MONTHS IS BELOW THE POVERTY LEVEL - All people,Percent; PERCENTAGE OF FAMILIES AND PEOPLE WHOSE INCOME IN THE PAST 12 MONTHS IS BELOW THE POVERTY LEVEL - All people,Estimate; PERCENTAGE OF FAMILIES AND PEOPLE WHOSE INCOME IN THE PAST 12 MONTHS IS BELOW THE POVERTY LEVEL - All people - Under 18 years,Percent; PERCENTAGE OF FAMILIES AND PEOPLE WHOSE INCOME IN THE PAST 12 MONTHS IS BELOW THE POVERTY LEVEL - All people - Under 18 years,Estimate; PERCENTAGE OF FAMILIES AND PEOPLE WHOSE INCOME IN THE PAST 12 MONTHS IS BELOW THE POVERTY LEVEL - All people - Under 18 years - Related children of the householder under 18 years,Percent; PERCENTAGE OF FAMILIES AND PEOPLE WHOSE INCOME IN THE PAST 12 MONTHS IS BELOW THE POVERTY LEVEL - All people - Under 18 years - Related children of the householder under 18 years,Estimate; PERCENTAGE OF FAMILIES AND PEOPLE WHOSE INCOME IN THE PAST 12 MONTHS IS BELOW THE POVERTY LEVEL - All people - Under 18 years - Related children of the householder under 18 years - Related children of the householder 5 to 17 years,Percent; PERCENTAGE OF FAMILIES AND PEOPLE WHOSE INCOME IN THE PAST 12 MONTHS IS BELOW THE POVERTY LEVEL - All people - Under 18 years - Related children of the householder under 18 years - Related children of the householder 5 to 17 years,Estimate; PERCENTAGE OF FAMILIES AND PEOPLE WHOSE INCOME IN THE PAST 12 MONTHS IS BELOW THE POVERTY LEVEL - All people - 18 years and over,Percent; PERCENTAGE OF FAMILIES AND PEOPLE WHOSE INCOME IN THE PAST 12 MONTHS IS BELOW THE POVERTY LEVEL - All people - 18 years and over,Estimate; PERCENTAGE OF FAMILIES AND PEOPLE WHOSE INCOME IN THE PAST 12 MONTHS IS BELOW THE POVERTY LEVEL - All people - 18 years and over - 18 to 64 years,Percent; PERCENTAGE OF FAMILIES AND PEOPLE WHOSE INCOME IN THE PAST 12 MONTHS IS BELOW THE POVERTY LEVEL - All people - 18 years and over - 18 to 64 years,Estimate; PERCENTAGE OF FAMILIES AND PEOPLE WHOSE INCOME IN THE PAST 12 MONTHS IS BELOW THE POVERTY LEVEL - All people - 18 years and over - 65 years and over,Percent; PERCENTAGE OF FAMILIES AND PEOPLE WHOSE INCOME IN THE PAST 12 MONTHS IS BELOW THE POVERTY LEVEL - All people - 18 years and over - 65 years and over
,United States,255797692,255797692,93613367,36.6,161159470,161159470,6.6,131092196,131092196,76493327,58.4,76350498,58.2,71451559,54.5,148432042,148432042,113464765,76.4,13588952,9.2,7607907,5.1,4049337,2.7,2693671,1.8,7027410,4.7,26.4,150599165,150599165,56391480,37.4,27064027,18,35440563,23.5,13371659,8.9,18331436,12.2,150599165,150599165,120523114,80,20853464,13.8,8979414,6,243173,0.2,118825921,118825921,7942251,6.7,5768114,4.9,11637905,9.8,11330288,9.5,15412493,13,21000314,17.7,14636046,12.3,16701857,14.1,6931136,5.8,7465517,6.3,57652,(X),81283,(X),31177,(X),32141,(X),50859,(X),40760,(X),316027641,316027641,282850495,89.5,212459414,67.2,106925261,33.8,33177146,10.5,(X),14.6,(X),20.3,(X),20,(X),19,(X),12.9,(X),13.7,(X),9.3
1,Alabama,3876136,3876136,1642927,42.4,2220900,2220900,7.4,2022516,2022516,1062273,52.5,1060775,52.4,980263,48.5,2030100,2030100,1743217,85.9,173758,8.6,7433,0.4,22659,1.1,20531,1,62502,3.1,24.6,2055509,2055509,700328,34.1,341617,16.6,487118,23.7,197982,9.6,328464,16,2055509,2055509,1624536,79,320782,15.6,106403,5.2,3788,0.2,1856695,1856695,170650,9.2,121688,6.6,228679,12.3,202813,10.9,257196,13.9,326081,17.6,206436,11.1,210557,11.3,71748,3.9,60847,3.3,46472,(X),64476,(X),25746,(X),29288,(X),46602,(X),35060,(X),4770692,4770692,4258663,89.3,3189772,66.9,1720966,36.1,512029,10.7,(X),18,(X),26,(X),25.8,(X),24.3,(X),15.6,(X),16.9,(X),10.4
2,Alaska,571453,571453,170831,29.9,383593,383593,7.7,271063,271063,176748,65.2,174774,64.5,163083,60.2,360701,360701,247111,68.5,44744,12.4,5453,1.5,28714,8,18829,5.2,15850,4.4,18.8,354045,354045,130013,36.7,61208,17.3,80538,22.7,43634,12.3,38652,10.9,354045,354045,241792,68.3,89299,25.2,22166,6.3,788,0.2,252536,252536,9650,3.8,7838,3.1,16867,6.7,17297,6.8,27697,11,45034,17.8,36745,14.6,49677,19.7,23596,9.3,18135,7.2,76114,(X),94469,(X),35065,(X),37369,(X),58955,(X),47160,(X),714038,714038,603580,84.5,470575,65.9,208041,29.1,110458,15.5,(X),10.2,(X),14.1,(X),13.7,(X),13.2,(X),8.9,(X),9.4,(X),5.1
4,Arizona,5371341,5371341,2174225,40.5,3179802,3179802,7.1,2718818,2718818,1480253,54.4,1477541,54.3,1374222,50.5,2916850,2916850,2234990,76.6,317969,10.9,58267,2,57699,2,76546,2.6,171379,5.9,25.1,2953891,2953891,1053407,35.7,579712,19.6,765571,25.9,269299,9.1,285902,9.7,2953891,2953891,2357781,79.8,412271,14,179130,6.1,4709,0.2,2482311,2482311,178384,7.2,118676,4.8,254978,10.3,255311,10.3,351779,14.2,462612,18.6,303811,12.2,320165,12.9,119778,4.8,116817,4.7,53510,(X),73735,(X),27964,(X),30811,(X),46294,(X),38810,(X),6701990,6701990,5887582,87.8,4180625,62.4,2500889,37.3,814408,12.2,(X),17,(X),24,(X),23.7,(X),22.6,(X),14.7,(X),16.3,(X),9
5,Arkansas,2351061,2351061,984959,41.9,1361664,1361664,6.3,1209967,1209967,643478,53.2,642725,53.1,604687,50,1258851,1258851,1044010,82.9,132343,10.5,4663,0.4,21933,1.7,15329,1.2,40573,3.2,21.6,1276536,1276536,421437,33,216668,17,299245,23.4,133549,10.5,205637,16.1,1276536,1276536,997977,78.2,198859,15.6,77483,6.1,2217,0.2,1147291,1147291,97226,8.5,78535,6.8,149645,13,138169,12,173380,15.1,207454,18.1,120034,10.5,113532,9.9,35900,3.1,33416,2.9,43813,(X),61330,(X),24426,(X),27923,(X),41576,(X),32813,(X),2924569,2924569,2613437,89.4,1782528,61,1206433,41.3,311132,10.6,(X),18.1,(X),25.7,(X),25.3,(X),23.8,(X),15.8,(X),17.2,(X),10.4
6,California,30910058,30910058,11297281,36.5,19485061,19485061,7.7,15665864,15665864,8962799,57.2,8946381,57.1,8256004,52.7,17589758,17589758,12950487,73.6,1830958,10.4,909679,5.2,470101,2.7,450486,2.6,978047,5.6,28.8,17993915,17993915,6852750,38.1,3358297,18.7,4159589,23.1,1634116,9.1,1989163,11.1,17993915,17993915,14065974,78.2,2431062,13.5,1465722,8.1,31157,0.2,12888128,12888128,694945,5.4,604666,4.7,1105197,8.6,1063551,8.3,1465836,11.4,2095531,16.3,1568843,12.2,2025327,15.7,1008388,7.8,1255844,9.7,67169,(X),96104,(X),33128,(X),32738,(X),52054,(X),45568,(X),38488069,38488069,34446673,89.5,24089554,62.6,13779925,35.8,4041396,10.5,(X),15.1,(X),20.8,(X),20.4,(X),20,(X),13.4,(X),14,(X),10.2
8,Colorado,4320213,4320213,1373859,31.8,2912932,2912932,5.2,2160200,2160200,1353004,62.6,1348231,62.4,1278579,59.2,2742151,2742151,2062986,75.2,249838,9.1,86517,3.2,78198,2.9,61673,2.2,202939,7.4,25.2,2760076,2760076,1138463,41.2,476888,17.3,636889,23.1,257832,9.3,250004,9.1,2760076,2760076,2209681,80.1,371117,13.4,174312,6.3,4966,0.2,2082531,2082531,111732,5.4,76241,3.7,165617,8,178164,8.6,261592,12.6,377542,18.1,281673,13.5,337068,16.2,146006,7,146896,7.1,65458,(X),88388,(X),34845,(X),35192,(X),52841,(X),43345,(X),5344703,5344703,4841392,90.6,3750132,70.2,1646986,30.8,503311,9.4,(X),11.5,(X),14.5,(X),14.2,(X),13.6,(X),10.6,(X),11.2,(X),7.4
9,Connecticut,2928091,2928091,973727,33.3,1945798,1945798,7.2,1515179,1515179,943829,62.3,942819,62.2,877956,57.9,1773999,1773999,1387093,78.2,143925,8.1,86778,4.9,51059,2.9,19988,1.1,85156,4.8,26,1805086,1805086,767859,42.5,321687,17.8,412832,22.9,133202,7.4,169506,9.4,1805086,1805086,1452260,80.5,234604,13,114753,6.4,3469,0.2,1361755,1361755,73078,5.4,48416,3.6,104604,7.7,99688,7.3,148260,10.9,216936,15.9,171880,12.6,232398,17.1,116915,8.6,149580,11,73781,(X),105998,(X),41365,(X),40335,(X),63908,(X),51549,(X),3541763,3541763,3315021,93.6,2543986,71.8,1184547,33.4,226742,6.4,(X),10.1,(X),13.5,(X),13.2,(X),12.5,(X),9.1,(X),9.6,(X),7.1
10,Delaware,762704,762704,287930,37.8,471758,471758,6.4,397693,397693,232345,58.4,231861,58.3,217916,54.8,435351,435351,354471,81.4,34822,8,12198,2.8,9244,2.1,4990,1.1,19626,4.5,25.7,441513,441513,175682,39.8,78880,17.9,103425,23.4,37262,8.4,46264,10.5,441513,441513,361069,81.8,62670,14.2,17248,3.9,526,0.1,352357,352357,21106,6,12725,3.6,28737,8.2,32426,9.2,45507,12.9,64740,18.4,48383,13.7,53686,15.2,23845,6.8,21202,6,63036,(X),84146,(X),32625,(X),35294,(X),52220,(X),44328,(X),929139,929139,867045,93.3,668353,71.9,335197,36.1,62094,6.7,(X),12.1,(X),17.4,(X),17.1,(X),16,(X),10.7,(X),11.6,(X),7.2
11,District of Columbia,564615,564615,172194,30.5,388980,388980,8,300088,300088,201215,67.1,200650,66.9,184735,61.6,354658,354658,120608,34,19158,5.4,125641,35.4,46967,13.2,22117,6.2,20167,5.7,30,357701,357701,220783,61.7,54613,15.3,59671,16.7,9589,2.7,13045,3.6,357701,357701,254036,71,87931,24.6,15254,4.3,480,0.1,277985,277985,26654,9.6,12425,4.5,19346,7,17893,6.4,22915,8.2,36395,13.1,29781,10.7,44399,16,25494,9.2,42683,15.4,77649,(X),116090,(X),50832,(X),50810,(X),74135,(X),65408,(X),661858,661858,630700,95.3,458444,69.3,238895,36.1,31158,4.7,(X),17.4,(X),25.5,(X),25.2,(X),27.3,(X),15.6,(X),15.8,(X),14.3
12,Florida,16645386,16645386,6872624,41.3,9717687,9717687,7.2,8587836,8587836,4658344,54.2,4649856,54.1,4317122,50.3,8907171,8907171,7079760,79.5,820961,9.2,180231,2,129801,1.5,196018,2.2,500400,5.6,27,9018570,9018570,3122128,34.6,1832577,20.3,2406985,26.7,829789,9.2,827091,9.2,9018570,9018570,7401949,82.1,1070198,11.9,531859,5.9,14564,0.2,7510882,7510882,543790,7.2,379751,5.1,838831,11.2,824372,11,1101573,14.7,1379405,18.4,870293,11.6,878801,11.7,332560,4.4,361506,4.8,50883,(X),72993,(X),28774,(X),29386,(X),42157,(X),36298,(X),19967931,19967931,16984986,85.1,12145568,60.8,7278611,36.5,2982945,14.9,(X),15.5,(X),22.3,(X),22,(X),21,(X),13.7,(X),14.8,(X),10.3
13,Georgia,7985333,7985333,2959027,37.1,4978910,4978910,7.5,4144082,4144082,2410693,58.2,2405406,58,2217962,53.5,4553332,4553332,3617832,79.5,455684,10,97418,2.1,68505,1.5,75713,1.7,238180,5.2,28,4606329,4606329,1687624,36.6,768220,16.7,1117662,24.3,418619,9.1,614204,13.3,4606329,4606329,3668232,79.6,677730,14.7,253149,5.5,7218,0.2,3663104,3663104,283919,7.8,190862,5.2,383175,10.5,371069,10.1,503211,13.7,655374,17.9,436464,11.9,469337,12.8,181700,5,187993,5.1,52977,(X),74763,(X),28015,(X),31012,(X),46555,(X),37814,(X),10012994,10012994,8531369,85.2,6497755,64.9,3037676,30.3,1481625,14.8,(X),16.9,(X),24,(X),23.8,(X),22.6,(X),14.6,(X),15.4,(X),10.3
15,Hawaii,1145914,1145914,399474,34.9,706138,706138,4.9,573554,573554,343667,59.9,339028,59.1,323099,56.3,695140,695140,466216,67.1,95171,13.7,46028,6.6,31668,4.6,24167,3.5,31890,4.6,27.4,671758,671758,229529,34.2,153890,22.9,167296,24.9,63732,9.5,57311,8.5,671758,671758,487802,72.6,136689,20.3,45903,6.8,1364,0.2,455502,455502,25053,5.5,14853,3.3,29853,6.6,31193,6.8,48224,10.6,78823,17.3,64468,14.2,85785,18.8,39123,8.6,38127,8.4,74923,(X),95569,(X),32511,(X),35680,(X),50275,(X),41412,(X),1369366,1369366,1306313,95.4,1047030,76.5,459511,33.6,63053,4.6,(X),10.3,(X),12.9,(X),12.4,(X),11.9,(X),9.6,(X),10.1,(X),8
16,Idaho,1271362,1271362,476700,37.5,790986,790986,5.4,638754,638754,360613,56.5,359927,56.3,340890,53.4,737018,737018,579041,78.6,73071,9.9,5235,0.7,20052,2.7,16005,2.2,43614,5.9,20.6,748658,748658,256453,34.3,133646,17.9,175748,23.5,88309,11.8,94502,12.6,748658,748658,579012,77.3,113124,15.1,54556,7.3,1966,0.3,609124,609124,41430,6.8,30262,5,64685,10.6,68175,11.2,93091,15.3,122368,20.1,75052,12.3,72298,11.9,22493,3.7,19270,3.2,50985,(X),67338,(X),25471,(X),26952,(X),45061,(X),33460,(X),1636345,1636345,1438927,87.9,1132326,69.2,515617,31.5,197418,12.1,(X),14.5,(X),17.8,(X),17.4,(X),16.5,(X),13.3,(X),14.4,(X),8.8
17,Illinois,10237883,10237883,3547688,34.7,6672963,6672963,7.4,5261565,5261565,3180363,60.4,3177023,60.4,2950324,56.1,6080262,6080262,4457921,73.3,485878,8,569355,9.4,184620,3,106254,1.7,276234,4.5,28.7,6181653,6181653,2321710,37.6,1067320,17.3,1481082,24,446857,7.2,864684,14,6181653,6181653,5151001,83.3,735353,11.9,286255,4.6,9044,0.1,4818452,4818452,331315,6.9,204278,4.2,446453,9.3,425803,8.8,593198,12.3,836760,17.4,613614,12.7,724960,15,311141,6.5,330930,6.9,61229,(X),85262,(X),32924,(X),34521,(X),54366,(X),42357,(X),12674162,12674162,11594340,91.5,8783743,69.3,4178203,33,1079822,8.5,(X),13.5,(X),18.8,(X),18.6,(X),17.8,(X),11.9,(X),12.6,(X),8.8
18,Indiana,5216340,5216340,1886968,36.2,3326494,3326494,6.1,2673655,2673655,1575825,58.9,1575579,58.9,1481529,55.4,3068972,3068972,2547743,83,269279,8.8,32148,1,64177,2.1,43566,1.4,112059,3.7,23.4,3124295,3124295,1037693,33.2,521924,16.7,709695,22.7,274526,8.8,580457,18.6,3124295,3124295,2644699,84.6,333491,10.7,141485,4.5,4620,0.1,2537189,2537189,170817,6.7,123642,4.9,271263,10.7,272787,10.8,373917,14.7,492310,19.4,325558,12.8,318923,12.6,101113,4,86859,3.4,52182,(X),69197,(X),27305,(X),30810,(X),49182,(X),36431,(X),6515358,6515358,5844104,89.7,4555186,69.9,2063744,31.7,671254,10.3,(X),14.6,(X),20.4,(X),20,(X),18.7,(X),12.7,(X),13.9,(X),7.5
19,Iowa,2470612,2470612,800164,32.4,1668736,1668736,4.1,1253631,1253631,792831,63.2,792645,63.2,761963,60.8,1573318,1573318,1275048,81,132007,8.4,17161,1.1,53677,3.4,23148,1.5,72277,4.6,19,1599718,1599718,564694,35.3,263453,16.5,363159,22.7,151391,9.5,257021,16.1,1599718,1599718,1281976,80.1,212517,13.3,102357,6.4,2868,0.2,1251587,1251587,71544,5.7,57984,4.6,124425,9.9,123477,9.9,175714,14,244762,19.6,175018,14,174081,13.9,56730,4.5,47852,3.8,56570,(X),73510,(X),30063,(X),31887,(X),49171,(X),37596,(X),3074216,3074216,2901798,94.4,2328596,75.7,1012824,32.9,172418,5.6,(X),12,(X),14.8,(X),14.3,(X),13.5,(X),11.1,(X),12.1,(X),7.3
20,Kansas,2264633,2264633,755149,33.3,1491054,1491054,4.8,1145398,1145398,702649,61.3,701267,61.2,668799,58.4,1414974,1414974,1165391,82.4,127940,9,6829,0.5,33705,2.4,20056,1.4,61053,4.3,19.2,1420045,1420045,538249,37.9,234291,16.5,318417,22.4,137407,9.7,191681,13.5,1420045,1420045,1111727,78.3,220124,15.5,85473,6,2721,0.2,1121943,1121943,68495,6.1,51162,4.6,109643,9.8,117212,10.4,159626,14.2,215465,19.2,144503,12.9,153831,13.7,52861,4.7,49145,4.4,55477,(X),74633,(X),29600,(X),31401,(X),48614,(X),37387,(X),2843739,2843739,2569336,90.4,2118949,74.5,808712,28.4,274403,9.6,(X),12.8,(X),16.4,(X),16,(X),14.9,(X),11.6,(X),12.6,(X),7.6
21,Kentucky,3526066,3526066,1432494,40.6,2078867,2078867,6.8,1807635,1807635,990085,54.8,988737,54.7,925313,51.2,1909202,1909202,1569519,82.2,183386,9.6,20645,1.1,44035,2.3,26212,1.4,65405,3.4,23.1,1938150,1938150,645598,33.3,323467,16.7,456935,23.6,179029,9.2,333121,17.2,1938150,1938150,1552365,80.1,279246,14.4,103240,5.3,3299,0.2,1724514,1724514,160455,9.3,109867,6.4,206297,12,188239,10.9,247751,14.4,306811,17.8,195366,11.3,193801,11.2,60468,3.5,55459,3.2,46535,(X),64436,(X),25888,(X),29194,(X),45308,(X),35797,(X),4340343,4340343,3998992,92.1,2828848,65.2,1735422,40,341351,7.9,(X),18.3,(X),24.7,(X),24.3,(X),23,(X),16.3,(X),17.6,(X),11.1
22,Louisiana,3674007,3674007,1469952,40,2188424,2188424,7.2,1896553,1896553,1054602,55.6,1052706,55.5,980488,51.7,2007343,2007343,1659358,82.7,189325,9.4,26340,1.3,35759,1.8,39765,2,56796,2.8,25.2,2031238,2031238,672365,33.1,389700,19.2,481307,23.7,238021,11.7,249845,12.3,2031238,2031238,1612128,79.4,302249,14.9,113830,5.6,3031,0.1,1737645,1737645,173429,10,112002,6.4,215271,12.4,183685,10.6,228858,13.2,283684,16.3,187041,10.8,208612,12,76074,4.4,68989,4,46710,(X),66861,(X),26205,(X),30548,(X),50365,(X),34083,(X),4559572,4559572,3992645,87.6,2787120,61.1,1692916,37.1,566927,12.4,(X),19.6,(X),27.7,(X),27.4,(X),26.1,(X),17,(X),18,(X),12.8
23,Maine,1104528,1104528,407186,36.9,695483,695483,5.3,569749,569749,340684,59.8,340532,59.8,325159,57.1,645333,645333,506626,78.5,62820,9.7,4142,0.6,25317,3.9,10015,1.6,36413,5.6,23.8,658693,658693,241309,36.6,120502,18.3,152919,23.2,70206,10.7,73757,11.2,658693,658693,511521,77.7,89787,13.6,56673,8.6,712,0.1,554061,554061,35307,6.4,31702,5.7,59803,10.8,58555,10.6,76212,13.8,106376,19.2,71571,12.9,71174,12.8,22928,4.1,20433,3.7,53024,(X),70210,(X),29886,(X),30419,(X),48355,(X),38467,(X),1315654,1315654,1196879,91,904059,68.7,486545,37,118775,9,(X),12.9,(X),16.7,(X),16.1,(X),14.7,(X),12,(X),12.9,(X),8.8
24,Maryland,4800851,4800851,1533782,31.9,3239167,3239167,6.1,2503614,2503614,1599944,63.9,1594210,63.7,1499570,59.9,3008292,3008292,2220170,73.8,275002,9.1,263851,8.8,71857,2.4,41596,1.4,135816,4.5,32.7,3040792,3040792,1376291,45.3,521617,17.2,664131,21.8,236706,7.8,242047,8,3040792,3040792,2226905,73.2,664664,21.9,145773,4.8,3450,0.1,2181093,2181093,106728,4.9,65570,3,137430,6.3,149815,6.9,223991,10.3,359874,16.5,286293,13.1,407514,18.7,211495,9.7,232383,10.7,78916,(X),103845,(X),39070,(X),41604,(X),61558,(X),52055,(X),5901303,5901303,5467934,92.7,4381721,74.3,1812880,30.7,433369,7.3,(X),9.7,(X),12.9,(X),12.6,(X),11.9,(X),8.7,(X),9,(X),7.8
25,Massachusetts,5576176,5576176,1820695,32.7,3750528,3750528,6,2901798,2901798,1839850,63.4,1839192,63.4,1737263,59.9,3454047,3454047,2440463,70.7,258167,7.5,352153,10.2,167203,4.8,67806,2,168255,4.9,29.3,3525672,3525672,1597150,45.3,623336,17.7,761992,21.6,238363,6.8,304831,8.6,3525672,3525672,2887141,81.9,427869,12.1,206231,5.8,4431,0.1,2585715,2585715,148170,5.7,121507,4.7,203309,7.9,186707,7.2,255677,9.9,390219,15.1,317494,12.3,451683,17.5,232217,9,278732,10.8,74167,(X),101858,(X),39913,(X),40439,(X),64083,(X),52322,(X),6713702,6713702,6513408,97,4982962,74.2,2386623,35.5,200294,3,(X),11.1,(X),14.6,(X),14.3,(X),13.6,(X),10.2,(X),10.5,(X),9
26,Michigan,7985908,7985908,3095566,38.8,4886498,4886498,7.4,4096986,4096986,2336113,57,2335501,57,2171128,53,4430991,4430991,3657462,82.5,387929,8.8,62245,1.4,97441,2.2,55558,1.3,170356,3.8,24.3,4524874,4524874,1612577,35.6,803485,17.8,1039958,23,356023,7.9,712831,15.8,4524874,4524874,3816190,84.3,476912,10.5,224117,5,7655,0.2,3888646,3888646,284882,7.3,193880,5,411782,10.6,403426,10.4,549638,14.1,720755,18.5,474850,12.2,500924,12.9,183124,4.7,165385,4.3,52668,(X),72091,(X),28938,(X),30416,(X),51435,(X),39723,(X),9814714,9814714,9111760,92.8,6966211,71,3620082,36.9,702954,7.2,(X),15.6,(X),21.7,(X),21.3,(X),19.9,(X),13.8,(X),15.2,(X),8.2
27,Minnesota,4347413,4347413,1310717,30.1,3034613,3034613,4.3,2199595,2199595,1454312,66.1,1454072,66.1,1398822,63.6,2851545,2851545,2224424,78,243027,8.5,102928,3.6,78485,2.8,47225,1.7,155456,5.5,23.4,2904103,2904103,1165110,40.1,478548,16.5,655065,22.6,231994,8,373386,12.9,2904103,2904103,2404269,82.8,338915,11.7,156771,5.4,4148,0.1,2153202,2153202,101116,4.7,87090,4,179463,8.3,180824,8.4,267201,12.4,397774,18.5,301270,14,357276,16.6,143801,6.7,137387,6.4,65699,(X),86796,(X),34712,(X),35956,(X),54023,(X),44030,(X),5432792,5432792,5138406,94.6,4159190,76.6,1694035,31.2,294386,5.4,(X),10.5,(X),13.4,(X),13,(X),12.3,(X),9.6,(X),10.1,(X),7.2
28,Mississippi,2341439,2341439,991575,42.3,1339614,1339614,8.8,1222036,1222036,656595,53.7,654736,53.6,596243,48.8,1208408,1208408,1027789,85.1,113591,9.4,4135,0.3,17411,1.4,19665,1.6,25817,2.1,24.4,1221828,1221828,384944,31.5,218476,17.9,283884,23.2,132314,10.8,202210,16.5,1221828,1221828,931485,76.2,221107,18.1,67305,5.5,1931,0.2,1103514,1103514,118221,10.7,80732,7.3,145888,13.2,127025,11.5,155939,14.1,188569,17.1,119688,10.8,107425,9.7,33082,3,26945,2.4,42009,(X),58371,(X),22500,(X),27751,(X),41853,(X),32140,(X),2921628,2921628,2522981,86.4,1725468,59.1,1124046,38.5,398647,13.6,(X),21.5,(X),30.2,(X),29.9,(X),29,(X),18.6,(X),19.9,(X),13.1
29,Missouri,4844505,4844505,1781848,36.8,3043312,3043312,5.8,2492623,2492623,1471239,59,1467880,58.9,1387792,55.7,2835065,2835065,2319217,81.8,251905,8.9,41877,1.5,54038,1.9,34885,1.2,133143,4.7,23.5,2867393,2867393,1029318,35.9,505488,17.6,694925,24.2,250987,8.8,386675,13.5,2867393,2867393,2353075,82.1,349585,12.2,159355,5.6,5378,0.2,2386203,2386203,168116,7,124849,5.2,259484,10.9,257831,10.8,347654,14.6,449052,18.8,291301,12.2,292910,12.3,101637,4.3,93369,3.9,51542,(X),70144,(X),28282,(X),30652,(X),46846,(X),36641,(X),5961514,5961514,5339971,89.6,4196872,70.4,1850875,31,621543,10.4,(X),14.6,(X),20,(X),19.6,(X),18.3,(X),13,(X),14.1,(X),8.8
30,Montana,828198,828198,301810,36.4,523071,523071,4.8,413871,413871,245784,59.4,245378,59.3,235087,56.8,490818,490818,370953,75.6,47733,9.7,3721,0.8,25139,5.1,11881,2.4,31391,6.4,17.8,497995,497995,181703,36.5,94399,19,111134,22.3,62437,12.5,48322,9.7,497995,497995,364861,73.3,87271,17.5,43871,8.8,1992,0.4,419975,419975,28634,6.8,23152,5.5,47217,11.2,46931,11.2,60778,14.5,80446,19.2,50409,12,50868,12.1,15964,3.8,15576,3.7,50801,(X),68622,(X),28706,(X),27472,(X),45848,(X),34584,(X),1014596,1014596,896130,88.3,688360,67.8,348220,34.3,118466,11.7,(X),14.4,(X),17.6,(X),17.2,(X),16.1,(X),13.4,(X),14.9,(X),8.3
31,Nebraska,1474713,1474713,443708,30.1,1026097,1026097,3.8,746428,746428,485052,65,484278,64.9,466155,62.5,974657,974657,797301,81.8,89178,9.1,6629,0.7,26519,2.7,12968,1.3,42062,4.3,18.4,987216,987216,363062,36.8,161774,16.4,231366,23.4,98271,10,132743,13.4,987216,987216,788169,79.8,135934,13.8,61299,6.2,1814,0.2,748405,748405,42501,5.7,33109,4.4,71905,9.6,74818,10,105649,14.1,148422,19.8,100345,13.4,105721,14.1,34944,4.7,30991,4.1,56675,(X),74309,(X),29866,(X),31459,(X),47604,(X),36838,(X),1865028,1865028,1696460,91,1412509,75.7,507070,27.2,168568,9,(X),12,(X),15.6,(X),15.2,(X),13.8,(X),10.8,(X),11.5,(X),7.7
32,Nevada,2292486,2292486,827166,36.1,1457643,1457643,8,1145714,1145714,674991,58.9,673641,58.8,621782,54.3,1323151,1323151,1034708,78.2,137770,10.4,45950,3.5,26359,2,27972,2.1,50392,3.8,24,1341358,1341358,381372,28.4,362349,27,343474,25.6,116784,8.7,137379,10.2,1341358,1341358,1111250,82.8,159871,11.9,68862,5.1,1375,0.1,1052249,1052249,65626,6.2,45256,4.3,102653,9.8,109864,10.4,151562,14.4,206041,19.6,136694,13,141682,13.5,49339,4.7,43532,4.1,55434,(X),73862,(X),28450,(X),31465,(X),45466,(X),37184,(X),2852693,2852693,2454719,86,1844304,64.7,901573,31.6,397974,14,(X),14.2,(X),20.3,(X),19.9,(X),18.8,(X),12.4,(X),13.3,(X),8.5
33,New Hampshire,1102267,1102267,353488,32.1,746990,746990,4.5,560201,560201,356143,63.6,356063,63.6,342109,61.1,696499,696499,563656,80.9,55803,8,6059,0.9,19407,2.8,9099,1.3,42475,6.1,27.2,713424,713424,287692,40.3,113867,16,169930,23.8,62323,8.7,79612,11.2,713424,713424,571488,80.1,94361,13.2,46745,6.6,830,0.1,526710,526710,20769,3.9,18322,3.5,40350,7.7,42221,8,60684,11.5,94712,18,74488,14.1,94617,18,41924,8,38623,7.3,71305,(X),91605,(X),36914,(X),36711,(X),57295,(X),44607,(X),1314875,1314875,1216855,92.5,1010341,76.8,382041,29.1,98020,7.5,(X),8.1,(X),10,(X),9.6,(X),8.8,(X),7.6,(X),8.2,(X),5.4
34,New Jersey,7197215,7197215,2472973,34.4,4716191,4716191,7,3724619,3724619,2241890,60.2,2240865,60.2,2084533,56,4300873,4300873,3074062,71.5,344646,8,493428,11.5,128622,3,78727,1.8,181388,4.2,31.5,4388024,4388024,1830109,41.7,727533,16.6,1056458,24.1,312951,7.1,460973,10.5,4388024,4388024,3589154,81.8,589100,13.4,203589,4.6,6181,0.1,3199111,3199111,170840,5.3,113188,3.5,247138,7.7,232026,7.3,322263,10.1,490325,15.3,390092,12.2,556938,17.4,296256,9.3,380045,11.9,76475,(X),105917,(X),39069,(X),40647,(X),63264,(X),51055,(X),8854377,8854377,7998102,90.3,6336083,71.6,2628552,29.7,856275,9.7,(X),10.7,(X),15.3,(X),15.1,(X),14.3,(X),9.4,(X),9.6,(X),8.2
35,New Mexico,1643708,1643708,681585,41.5,952911,952911,7.7,836158,836158,453442,54.2,451970,54.1,419391,50.2,875493,875493,701859,80.2,85836,9.8,9801,1.1,18700,2.1,17405,2,41892,4.8,21.8,879201,879201,313896,35.7,182940,20.8,205160,23.3,96930,11,80275,9.1,879201,879201,625188,71.1,194470,22.1,57831,6.6,1712,0.2,770435,770435,72940,9.5,47650,6.2,95297,12.4,83285,10.8,107514,14,133166,17.3,86095,11.2,87469,11.4,30974,4,26045,3.4,46718,(X),64625,(X),25257,(X),27254,(X),43549,(X),35546,(X),2050101,2050101,1793939,87.5,1121442,54.7,921057,44.9,256162,12.5,(X),20.6,(X),29.1,(X),28.8,(X),27.4,(X),17.9,(X),19.4,(X),11.9
36,New York,16080981,16080981,5904779,36.7,10152999,10152999,6.8,8376770,8376770,4911303,58.6,4908607,58.6,4594459,54.8,9269671,9269671,4906304,52.9,611028,6.6,2615273,28.2,579374,6.3,178835,1.9,378857,4.1,33,9467631,9467631,3803745,40.2,1905936,20.1,2194508,23.2,682459,7.2,880983,9.3,9467631,9467631,7453044,78.7,1448673,15.3,552037,5.8,13877,0.1,7302710,7302710,516085,7.1,387751,5.3,667926,9.1,617795,8.5,822474,11.3,1160508,15.9,865640,11.9,1092340,15,524362,7.2,647829,8.9,62765,(X),93443,(X),35752,(X),36230,(X),54262,(X),47227,(X),19556260,19556260,18074610,92.4,12972574,66.3,7361335,37.6,1481650,7.6,(X),15.1,(X),21.3,(X),21,(X),20.3,(X),13.4,(X),13.9,(X),11.5
37,North Carolina,8021719,8021719,3001888,37.4,4923307,4923307,7.2,4163053,4163053,2397759,57.6,2388797,57.4,2215627,53.2,4570330,4570330,3709128,81.2,434719,9.5,47903,1,83872,1.8,59113,1.3,235595,5.2,24.3,4571020,4571020,1686248,36.9,797267,17.4,1055248,23.1,422908,9.3,609349,13.3,4571020,4571020,3641757,79.7,660018,14.4,262256,5.7,6989,0.2,3874346,3874346,281012,7.3,223101,5.8,431357,11.1,426719,11,562870,14.5,702268,18.1,456493,11.8,453529,11.7,168630,4.4,168367,4.3,50320,(X),70523,(X),28123,(X),30326,(X),44647,(X),37017,(X),9845238,9845238,8658835,87.9,6540805,66.4,3321781,33.7,1186403,12.1,(X),16.1,(X),22.9,(X),22.6,(X),21.4,(X),14.1,(X),15.3,(X),9.4
38,North Dakota,592279,592279,174386,29.4,411539,411539,2.7,288453,288453,188466,65.3,187508,65,183002,63.4,398969,398969,322855,80.9,35749,9,2008,0.5,14427,3.6,4773,1.2,19157,4.8,17.1,400454,400454,144412,36.1,68323,17.1,87386,21.8,49833,12.4,50500,12.6,400454,400454,305973,76.4,62761,15.7,30555,7.6,1165,0.3,311525,311525,18381,5.9,13583,4.4,27190,8.7,28707,9.2,40668,13.1,56924,18.3,43906,14.1,49043,15.7,16797,5.4,16326,5.2,61285,(X),81334,(X),34256,(X),34852,(X),51970,(X),37988,(X),729279,729279,670578,92,584587,80.2,182556,25,58701,8,(X),11,(X),12.4,(X),12.1,(X),11,(X),10.6,(X),11,(X),8.9
39,Ohio,9290812,9290812,3415557,36.8,5866915,5866915,6.5,4790552,4790552,2820691,58.9,2819262,58.9,2647215,55.3,5382511,5382511,4490622,83.4,414215,7.7,87702,1.6,120360,2.2,61724,1.1,207888,3.9,23.4,5488180,5488180,1974984,36,951545,17.3,1276727,23.3,414193,7.5,870731,15.9,5488180,5488180,4553185,83,661061,12,266209,4.9,7725,0.1,4633145,4633145,348397,7.5,236867,5.1,497249,10.7,481907,10.4,647186,14,857722,18.5,571891,12.3,596926,12.9,208374,4.5,186626,4,52407,(X),71119,(X),29011,(X),31266,(X),50523,(X),38949,(X),11436638,11436638,10588908,92.6,7951527,69.5,4070750,35.6,847730,7.4,(X),14.9,(X),21.3,(X),21,(X),19.5,(X),13,(X),14.3,(X),8
40,Oklahoma,3043261,3043261,1174218,38.6,1851794,1851794,5.7,1548840,1548840,862908,55.7,860068,55.5,811528,52.4,1733032,1733032,1431754,82.6,173974,10,7545,0.4,29789,1.7,23644,1.4,66326,3.8,21.5,1746419,1746419,594689,34.1,304702,17.4,416270,23.8,199517,11.4,231241,13.2,1746419,1746419,1343294,76.9,291715,16.7,107723,6.2,3687,0.2,1468971,1468971,109284,7.4,83504,5.7,167024,11.4,163230,11.1,214204,14.6,275862,18.8,175001,11.9,170741,11.6,57007,3.9,53114,3.6,49767,(X),67682,(X),26461,(X),30082,(X),45587,(X),34016,(X),3816369,3816369,3249592,85.1,2432776,63.7,1285054,33.7,566777,14.9,(X),16.2,(X),22.4,(X),22.1,(X),20.9,(X),14.1,(X),15.5,(X),8.8
41,Oregon,3260075,3260075,1233328,37.8,2024122,2024122,6.8,1658211,1658211,955909,57.6,955491,57.6,893791,53.9,1845227,1845227,1319247,71.5,188632,10.2,82303,4.5,69807,3.8,62928,3.4,122310,6.6,23.5,1885983,1885983,718991,38.1,344139,18.2,432409,22.9,167497,8.9,222947,11.8,1885983,1885983,1484718,78.7,257394,13.6,140492,7.4,3379,0.2,1571631,1571631,102064,6.5,74815,4.8,156932,10,157131,10,212471,13.5,291503,18.5,202965,12.9,216858,13.8,78994,5,77898,5,56119,(X),75851,(X),30410,(X),30442,(X),50375,(X),40556,(X),3985781,3985781,3633545,91.2,2676727,67.2,1505586,37.8,352236,8.8,(X),14.9,(X),19,(X),18.5,(X),17.2,(X),13.7,(X),15.2,(X),8.2
42,Pennsylvania,10419971,10419971,3896305,37.4,6518993,6518993,6.5,5372121,5372121,3125560,58.2,3124869,58.2,2936082,54.7,5976599,5976599,4568454,76.4,505448,8.5,332315,5.6,225480,3.8,83377,1.4,261525,4.4,26.7,6096977,6096977,2297693,37.7,1063494,17.4,1420974,23.3,498590,8.2,816226,13.4,6096977,6096977,5143990,84.4,633509,10.4,310723,5.1,8755,0.1,5007442,5007442,335813,6.7,240293,4.8,502208,10,483144,9.6,653515,13.1,908240,18.1,635089,12.7,703311,14,272891,5.4,272938,5.5,56951,(X),78192,(X),31476,(X),33182,(X),52144,(X),41156,(X),12586845,12586845,11693210,92.9,9210968,73.2,4320037,34.3,893635,7.1,(X),13.1,(X),18.6,(X),18.2,(X),17.2,(X),11.6,(X),12.6,(X),8.2
44,Rhode Island,871329,871329,303309,34.8,564705,564705,6.8,452976,452976,276569,61.1,276155,61,257513,56.8,513888,513888,409991,79.8,44315,8.6,13644,2.7,19347,3.8,6734,1.3,19857,3.9,24.6,526071,526071,200222,38.1,103607,19.7,124280,23.6,39007,7.4,58955,11.2,526071,526071,434812,82.7,64352,12.2,26455,5,452,0.1,412028,412028,30050,7.3,21983,5.3,38490,9.3,35651,8.7,47817,11.6,67672,16.4,53331,12.9,64832,15.7,27434,6.7,24768,6,61043,(X),82407,(X),33315,(X),34931,(X),53627,(X),44973,(X),1040523,1040523,970742,93.3,732215,70.4,369803,35.5,69781,6.7,(X),13.4,(X),18.9,(X),18.5,(X),17.6,(X),12,(X),12.7,(X),9.4
45,South Carolina,3926466,3926466,1544566,39.3,2351303,2351303,7.2,2042058,2042058,1150373,56.3,1144400,56,1061585,52,2168006,2168006,1791769,82.6,202215,9.3,12509,0.6,46842,2.2,32138,1.5,82533,3.8,24.3,2181046,2181046,734447,33.7,395383,18.1,531293,24.4,197855,9.1,322068,14.8,2181046,2181046,1732633,79.4,331131,15.2,113901,5.2,3381,0.2,1871307,1871307,153170,8.2,108638,5.8,214556,11.5,210196,11.2,268161,14.3,342557,18.3,220018,11.8,214939,11.5,72559,3.9,66513,3.6,48781,(X),66759,(X),26645,(X),28857,(X),44361,(X),35119,(X),4795304,4795304,4216986,87.9,3125702,65.2,1734552,36.2,578318,12.1,(X),16.6,(X),24.5,(X),24.3,(X),23,(X),14.3,(X),15.7,(X),9.3
46,South Dakota,666450,666450,208427,31.3,455357,455357,3.7,332975,332975,213947,64.3,213683,64.2,205925,61.8,432243,432243,345719,80,38302,8.9,2367,0.5,16085,3.7,5690,1.3,24080,5.6,17,438339,438339,154339,35.2,74042,16.9,103990,23.7,49219,11.2,56749,12.9,438339,438339,336256,76.7,65223,14.9,35530,8.1,1330,0.3,339458,339458,20339,6,17162,5.1,33202,9.8,36611,10.8,49512,14.6,66721,19.7,47720,14.1,42518,12.5,12689,3.7,12984,3.8,54126,(X),71085,(X),28761,(X),30588,(X),44831,(X),34231,(X),838027,838027,756360,90.3,610871,72.9,254383,30.4,81667,9.7,(X),13.9,(X),18.4,(X),18,(X),16.7,(X),12.4,(X),13.2,(X),9.5
47,Tennessee,5270257,5270257,2044708,38.8,3207366,3207366,6.6,2730044,2730044,1536176,56.3,1534349,56.2,1431595,52.4,2951964,2951964,2466424,83.6,264282,9,22047,0.7,40023,1.4,37254,1.3,121934,4.1,24.8,2996610,2996610,1029674,34.4,509260,17,725297,24.2,264251,8.8,468128,15.6,2996610,2996610,2379336,79.4,408851,13.6,203474,6.8,4949,0.2,2547194,2547194,200034,7.9,146404,5.7,300527,11.8,282836,11.1,370757,14.6,470796,18.5,292764,11.5,284088,11.2,99880,3.9,99108,3.9,48708,(X),68386,(X),27277,(X),29790,(X),44036,(X),35967,(X),6494451,6494451,5788161,89.1,4266161,65.7,2322101,35.8,706290,10.9,(X),16.7,(X),24.3,(X),24,(X),22.5,(X),14.4,(X),15.6,(X),9.5
48,Texas,20998008,20998008,7432970,35.4,13473957,13473957,5.8,10660959,10660959,6162604,57.8,6148636,57.7,5779279,54.2,12550476,12550476,10097917,80.5,1299410,10.4,187311,1.5,195192,1.6,208437,1.7,562209,4.5,26.1,12689069,12689069,4551929,35.9,2221181,17.5,3038408,23.9,1370630,10.8,1506921,11.9,12689069,12689069,10148904,80,1675173,13.2,844295,6.7,20697,0.2,9430419,9430419,627321,6.7,435491,4.6,929018,9.9,921649,9.8,1242931,13.2,1686524,17.9,1132060,12,1321579,14,541375,5.7,592471,6.3,57051,(X),80879,(X),28985,(X),31494,(X),48369,(X),38211,(X),26943687,26943687,22026776,81.8,16587602,61.6,7710086,28.6,4916911,18.2,(X),16,(X),22.9,(X),22.6,(X),21.8,(X),13.5,(X),14.1,(X),10.7
49,Utah,2179088,2179088,698431,32.1,1476528,1476528,4.4,1091552,1091552,651656,59.7,651182,59.7,622790,57.1,1393296,1393296,1059348,76,157824,11.3,34885,2.5,35391,2.5,25438,1.8,80410,5.8,21.6,1412214,1412214,532350,37.7,217383,15.4,363406,25.7,123757,8.8,175318,12.4,1412214,1412214,1139254,80.7,204604,14.5,66052,4.7,2304,0.2,938365,938365,41568,4.4,31462,3.4,69801,7.4,79338,8.5,122029,13,194204,20.7,142832,15.2,154368,16.5,54469,5.8,48294,5.1,65325,(X),83147,(X),26907,(X),30094,(X),51955,(X),36501,(X),2967868,2967868,2646042,89.2,2281858,76.9,626752,21.1,321826,10.8,(X),11,(X),12.5,(X),12.2,(X),11.5,(X),10.4,(X),11,(X),6.7
50,Vermont,520031,520031,177386,34.1,342233,342233,4.4,266215,266215,167656,63,167616,63,160889,60.4,319512,319512,242439,75.9,28351,8.9,3958,1.2,17791,5.6,5269,1.6,21704,6.8,22.8,327264,327264,133214,40.7,56862,17.4,69563,21.3,32723,10,34902,10.7,327264,327264,251479,76.8,46251,14.1,28764,8.8,770,0.2,258535,258535,13477,5.2,14002,5.4,25810,10,24931,9.6,33798,13.1,49311,19.1,36006,13.9,37035,14.3,12517,4.8,11648,4.5,57808,(X),75621,(X),31917,(X),31576,(X),48966,(X),41076,(X),618703,618703,589214,95.2,421770,68.2,256523,41.5,29489,4.8,(X),11.4,(X),14.5,(X),13.9,(X),13,(X),10.6,(X),11.5,(X),7.3
51,Virginia,6708391,6708391,2276891,33.9,4320683,4320683,5.5,3440791,3440791,2103857,61.1,2085108,60.6,1972796,57.3,4115810,4115810,3183253,77.3,381323,9.3,182233,4.4,100758,2.4,70755,1.7,197488,4.8,28.2,4084035,4084035,1768096,43.3,686502,16.8,900969,22.1,340840,8.3,387628,9.5,4084035,4084035,3057978,74.9,819795,20.1,200265,4.9,5997,0.1,3105636,3105636,169924,5.5,118872,3.8,240698,7.8,246542,7.9,361936,11.7,531135,17.1,398836,12.8,509334,16.4,241329,7.8,287030,9.2,68766,(X),94229,(X),36268,(X),36440,(X),56406,(X),44660,(X),8153221,8153221,7342809,90.1,6171364,75.7,2176566,26.7,810412,9.9,(X),11.2,(X),14.9,(X),14.6,(X),13.9,(X),10.1,(X),10.7,(X),7.4
53,Washington,5734852,5734852,2049033,35.7,3636944,3636944,6,2887525,2887525,1691277,58.6,1684711,58.3,1586411,54.9,3390837,3390837,2450802,72.3,340733,10,215195,6.3,120440,3.6,70293,2.1,193374,5.7,27.1,3418123,3418123,1378065,40.3,580047,17,745911,21.8,328677,9.6,385423,11.3,3418123,3418123,2668577,78.1,543582,15.9,199979,5.9,5985,0.2,2755697,2755697,155404,5.6,102595,3.7,217004,7.9,228787,8.3,335962,12.2,497935,18.1,372647,13.5,450796,16.4,194700,7.1,199867,7.3,66174,(X),88563,(X),34869,(X),36286,(X),58374,(X),45206,(X),7063032,7063032,6478362,91.7,5001870,70.8,2367987,33.5,584670,8.3,(X),12.2,(X),15.8,(X),15.3,(X),14.7,(X),11.2,(X),11.9,(X),7.9
54,West Virginia,1503051,1503051,697324,46.4,804617,804617,7.2,766555,766555,375734,49,375512,49,352218,45.9,732407,732407,602207,82.2,70759,9.7,6304,0.9,21224,2.9,8290,1.1,23623,3.2,25.7,746958,746958,245012,32.8,144455,19.3,176576,23.6,84561,11.3,96354,12.9,746958,746958,572983,76.7,140020,18.7,33048,4.4,907,0.1,737671,737671,68709,9.3,47396,6.4,98901,13.4,85131,11.5,108061,14.6,132714,18,80683,10.9,75153,10.2,22810,3.1,18113,2.5,44061,(X),59634,(X),24774,(X),28720,(X),46997,(X),33245,(X),1807983,1807983,1664214,92,1146360,63.4,802584,44.4,143769,8,(X),17.8,(X),24.6,(X),24.1,(X),22.1,(X),16,(X),18.1,(X),9.2
55,Wisconsin,4618274,4618274,1530555,33.1,3085151,3085151,4.7,2339786,2339786,1479061,63.2,1478600,63.2,1414991,60.5,2893314,2893314,2339955,80.9,233978,8.1,53566,1.9,92426,3.2,47306,1.6,126083,4.4,22,2939880,2939880,1043515,35.5,495207,16.8,662890,22.5,249436,8.5,488832,16.6,2939880,2939880,2425435,82.5,358788,12.2,150143,5.1,5514,0.2,2328754,2328754,122199,5.2,112710,4.8,232942,10,233636,10,323549,13.9,450445,19.3,320056,13.7,332081,14.3,109254,4.7,91882,3.9,56759,(X),74372,(X),30557,(X),32153,(X),50466,(X),39961,(X),5691138,5691138,5321616,93.5,4230492,74.3,1835316,32.2,369522,6.5,(X),12.3,(X),16.7,(X),16.3,(X),15.2,(X),11.1,(X),11.9,(X),7.7
56,Wyoming,459782,459782,149034,32.4,308092,308092,4.7,225317,225317,140166,62.2,139695,62,133895,59.4,289627,289627,225085,77.7,30071,10.4,3901,1.3,11638,4,5478,1.9,13454,4.6,18,293633,293633,98557,33.6,52320,17.8,60898,20.7,45272,15.4,36586,12.5,293633,293633,212813,72.5,61401,20.9,18513,6.3,906,0.3,230237,230237,11498,5,9605,4.2,21785,9.5,21695,9.4,30505,13.2,43455,18.9,32555,14.1,38947,16.9,11447,5,8745,3.8,60938,(X),76731,(X),31214,(X),32205,(X),53727,(X),37915,(X),573470,573470,505488,88.1,424573,74,152795,26.6,67982,11.9,(X),11.1,(X),12.8,(X),12.3,(X),11.1,(X),10.6,(X),11.2,(X),8
