,State,Year,Relationship Unknown,Acquaintance,Babysittee,BF_GF,Child,Child_BF_GF,Common Law Spouse,Employee,Employer,Ex Spouse,Friend,Grandchild,Grandparent,Same Sex Relationship,In Law,Neighbor,Offender,Other Family Member,Otherwise Known,Parent,Sibling,Spouse,Stepchild,Stepparent,Stepsibling,Stranger,Relationship Unkown
0,AL,1991,86,136,0,48,9,0,4,3,0,6,45,0,0,1,5,15,0,16,1,7,6,38,0,2,0,179,86.0
1,AL,1992,126,76,0,17,7,0,5,0,0,4,24,0,0,1,5,3,0,11,1,3,4,20,1,1,0,45,126.0
2,AL,2006,0,1,0,0,0,0,0,0,0,0,0,0,0,0,0,0,0,0,0,0,0,0,0,0,0,4,0.0
3,AL,2008,0,1,0,0,0,0,0,0,0,0,0,0,0,0,0,0,0,0,0,0,0,0,0,0,0,2,0.0
4,AL,2009,2,0,0,1,0,0,0,0,0,0,0,0,0,0,0,0,0,0,0,0,0,0,0,0,0,0,2.0
5,AL,2010,0,0,0,0,0,0,0,0,0,0,0,0,0,0,0,0,0,0,3,0,0,0,0,0,0,0,0.0
6,AL,2012,0,0,0,0,0,0,0,0,0,0,0,0,0,0,0,0,0,0,1,0,0,0,0,0,0,1,0.0
7,AL,2013,0,1,0,1,0,0,0,0,0,0,0,0,0,0,0,0,0,0,0,0,0,0,0,0,0,0,0.0
8,AL,2014,0,0,0,0,0,0,0,0,0,0,0,0,0,0,0,0,0,0,0,0,0,1,0,0,0,0,0.0
9,AL,2015,0,1,0,0,0,0,0,0,0,0,0,0,0,0,0,0,0,0,0,1,0,0,0,0,0,1,0.0
10,AL,2016,0,0,0,0,1,0,0,0,0,0,0,0,0,0,0,0,0,0,0,0,0,0,0,0,0,3,0.0
11,AL,2017,0,1,0,0,0,0,0,0,0,0,0,0,0,1,0,0,0,0,0,0,1,0,0,0,0,0,0.0
12,AR,2001,0,2,0,0,0,0,0,0,0,0,0,0,0,0,0,0,0,0,0,0,0,0,0,0,0,0,0.0
13,AR,2002,0,0,0,1,0,0,0,0,0,0,0,0,0,0,0,0,0,0,1,0,0,0,0,0,0,0,0.0
14,AR,2003,22,9,0,2,3,0,0,0,0,1,2,0,0,0,0,1,0,0,1,1,1,3,1,0,0,0,22.0
15,AR,2004,49,15,0,4,1,0,1,0,0,0,1,0,0,0,3,0,0,0,5,0,1,3,0,0,1,7,49.0
16,AR,2005,67,23,1,7,2,0,0,0,0,1,1,0,0,0,0,0,0,2,11,2,5,3,0,0,0,3,67.0
17,AR,2006,59,21,1,8,5,2,1,0,0,0,2,0,1,0,1,0,0,3,13,1,0,3,0,1,0,2,59.0
18,AR,2007,62,22,0,6,1,0,0,0,0,0,3,0,0,0,2,1,0,0,8,3,4,7,0,1,0,13,62.0
19,AR,2008,84,12,0,4,2,1,0,0,1,1,2,0,0,0,1,0,0,3,11,0,0,6,1,1,0,15,84.0
20,AR,2009,121,56,0,7,5,1,0,0,0,1,1,0,0,0,0,1,0,1,13,3,1,8,0,0,0,6,121.0
21,AR,2010,88,21,0,8,3,0,1,0,0,1,2,0,0,1,0,1,0,2,11,1,1,4,2,1,0,15,88.0
22,AR,2011,131,19,0,9,2,2,1,0,0,0,0,0,0,0,0,1,1,2,8,2,0,6,0,1,1,13,131.0
23,AR,2012,148,40,1,9,1,0,0,0,1,2,3,0,0,1,0,1,2,1,10,1,0,6,0,0,0,14,148.0
24,AR,2013,110,28,0,5,3,0,0,0,0,0,3,0,1,0,2,1,1,3,7,1,4,10,0,1,0,14,110.0
25,AR,2014,151,22,0,8,5,0,0,0,0,0,4,0,3,0,1,0,1,2,16,4,1,3,1,0,0,6,151.0
26,AR,2015,140,36,0,12,4,0,1,0,0,0,9,0,2,1,0,0,3,5,26,1,3,7,0,1,0,3,140.0
27,AR,2016,179,29,0,14,5,2,0,0,0,1,10,0,0,0,2,1,1,6,19,2,7,8,0,0,0,8,179.0
28,AR,2017,220,33,1,6,9,3,0,0,0,1,10,0,1,1,1,1,1,1,17,4,2,14,1,1,0,13,220.0
29,AZ,2005,0,1,0,0,0,0,0,0,0,0,0,0,0,0,0,0,0,0,0,0,0,1,0,0,0,0,0.0
30,AZ,2006,0,0,0,0,0,0,0,0,0,0,0,0,0,0,0,0,0,0,3,0,0,1,0,0,0,0,0.0
31,AZ,2007,0,3,0,0,1,0,0,0,0,0,0,0,0,0,0,0,0,0,2,0,0,0,0,1,0,1,0.0
32,AZ,2008,0,2,0,1,1,0,0,0,0,0,0,0,0,0,0,0,0,0,0,0,0,0,0,0,0,0,0.0
33,AZ,2009,4,0,0,1,2,0,0,0,0,0,3,0,0,0,0,0,1,0,0,0,1,1,0,0,0,0,4.0
34,AZ,2010,1,4,0,1,1,0,0,0,0,0,0,0,0,0,1,0,0,0,2,0,0,0,0,0,0,3,1.0
35,AZ,2011,11,4,0,2,1,0,0,0,0,1,0,0,0,0,0,0,0,0,4,0,0,1,0,0,0,1,11.0
36,AZ,2012,0,3,0,4,2,0,0,0,1,0,0,0,0,0,0,0,0,0,0,0,0,0,0,0,0,0,0.0
37,AZ,2013,3,1,0,1,6,0,0,0,0,0,2,0,0,1,0,0,0,0,0,0,0,0,0,0,0,7,3.0
38,AZ,2014,2,2,0,1,7,0,0,0,0,1,0,0,0,0,0,0,0,0,0,0,0,0,0,0,0,0,2.0
39,AZ,2015,0,1,0,0,0,0,0,0,0,0,0,0,0,0,1,0,0,0,4,2,1,1,0,0,0,4,0.0
40,AZ,2016,0,2,0,1,2,0,0,0,0,0,1,0,0,0,0,0,0,0,0,1,0,3,1,0,0,0,0.0
41,AZ,2017,2,1,0,1,5,0,0,0,0,1,0,0,0,0,0,0,0,1,0,0,0,2,0,0,0,15,2.0
42,CO,1992,2,0,0,1,0,0,0,0,0,0,1,0,0,0,0,0,1,0,0,0,0,0,0,0,0,0,2.0
43,CO,1997,15,10,0,6,4,1,0,0,0,1,6,0,0,0,0,1,0,0,4,4,0,3,1,0,0,17,15.0
44,CO,1998,22,24,0,3,5,0,1,0,0,0,3,1,0,0,2,0,0,2,7,2,0,6,1,0,0,8,22.0
45,CO,1999,25,11,1,4,1,0,0,0,0,2,5,2,1,1,1,1,0,1,33,5,1,9,0,0,0,13,25.0
46,CO,2000,33,15,0,5,7,0,0,0,0,0,2,0,0,0,0,2,0,0,4,0,1,9,0,1,0,13,33.0
47,CO,2001,35,15,0,6,6,1,0,0,0,1,6,0,0,0,0,2,0,0,5,1,1,3,0,0,0,23,35.0
48,CO,2002,31,21,0,8,4,1,2,1,0,0,5,0,0,0,1,0,0,1,9,0,0,11,0,0,0,2,31.0
49,CO,2003,41,22,0,5,7,2,0,0,0,1,1,0,0,0,0,1,0,5,10,1,2,7,0,0,0,6,41.0
50,CO,2004,36,18,1,8,4,1,2,0,0,0,7,0,0,1,2,0,0,3,9,2,1,5,1,0,0,14,36.0
51,CO,2005,83,29,0,5,7,0,5,0,0,0,2,0,0,0,0,1,0,2,10,2,0,11,1,0,1,16,83.0
52,CO,2006,68,15,2,5,11,1,1,0,0,1,4,0,0,0,0,0,0,1,13,1,1,8,0,1,0,25,68.0
53,CO,2007,51,29,1,12,9,1,2,0,0,0,5,0,0,1,0,0,0,2,10,2,1,9,1,0,0,48,51.0
54,CO,2008,50,27,1,11,10,4,0,0,0,3,3,0,0,0,0,1,0,2,21,4,1,8,0,0,0,35,50.0
55,CO,2009,61,30,0,8,10,0,1,2,0,3,5,1,0,0,1,4,2,1,9,3,2,9,1,1,0,32,61.0
56,CO,2010,67,26,1,4,8,1,0,0,3,0,3,0,0,1,0,1,1,1,11,5,1,5,2,1,0,13,67.0
57,CO,2011,47,37,1,11,10,2,1,0,0,3,4,0,2,0,0,3,3,0,12,5,1,6,1,0,0,27,47.0
58,CO,2012,87,20,0,13,12,0,2,0,0,0,4,1,1,0,1,0,0,1,15,4,2,14,0,0,0,43,87.0
59,CO,2013,67,31,2,9,10,2,0,0,1,1,11,0,0,0,1,1,0,1,9,6,0,16,3,0,0,16,67.0
60,CO,2014,44,47,0,5,5,1,2,0,0,0,10,1,2,0,0,1,0,6,16,7,0,14,3,1,0,25,44.0
61,CO,2015,52,43,0,5,7,1,1,0,0,0,4,0,0,0,0,1,0,3,14,1,2,16,0,1,0,42,52.0
62,CO,2016,96,33,0,15,9,1,0,0,0,4,6,0,0,1,0,4,2,1,8,3,2,15,1,1,0,47,96.0
63,CO,2017,144,53,1,8,10,0,1,0,0,0,12,0,0,0,1,3,2,4,21,7,5,6,1,3,0,38,144.0
64,CT,1998,1,0,0,0,0,0,0,0,0,0,0,0,0,0,0,0,0,0,1,0,0,0,0,0,0,0,1.0
65,CT,1999,0,0,0,1,0,0,0,0,0,0,1,0,0,0,0,0,0,0,0,0,0,2,0,0,0,0,0.0
66,CT,2000,4,8,0,1,0,0,0,0,0,0,0,0,0,0,0,2,0,0,0,0,0,2,0,0,0,7,4.0
67,CT,2001,16,11,0,2,1,1,0,0,1,0,1,0,0,1,0,0,2,1,2,1,0,4,0,0,0,0,16.0
68,CT,2002,3,14,0,1,0,0,1,0,0,0,0,0,0,0,0,0,1,0,2,0,0,1,0,0,0,3,3.0
69,CT,2003,2,3,0,5,6,0,0,0,0,0,0,0,0,0,0,0,1,0,1,1,0,4,0,0,0,5,2.0
70,CT,2004,4,2,0,8,5,1,0,0,0,0,4,0,0,0,0,0,0,0,2,1,1,2,0,0,0,9,4.0
71,CT,2005,5,15,0,3,2,0,0,0,0,0,1,0,0,0,0,1,0,2,2,0,1,1,1,0,0,21,5.0
72,CT,2006,12,27,0,3,0,0,0,0,0,0,4,0,0,0,0,1,0,1,2,0,0,3,1,0,0,6,12.0
73,CT,2007,12,8,0,5,1,0,0,0,0,1,1,1,0,0,0,0,0,0,5,0,0,2,2,0,0,10,12.0
74,CT,2008,12,22,0,5,5,1,1,0,0,0,3,0,1,0,0,0,0,4,9,1,0,2,0,0,0,9,12.0
75,CT,2009,11,10,0,1,2,0,1,0,0,0,3,0,1,0,0,0,5,1,6,1,0,2,0,0,0,5,11.0
76,CT,2010,14,11,0,2,0,1,0,1,0,1,2,0,0,1,1,0,0,1,6,1,0,4,0,0,0,9,14.0
77,CT,2011,19,15,3,4,2,0,0,0,0,1,1,0,0,0,0,0,1,0,4,1,0,2,0,0,0,9,19.0
78,CT,2012,11,15,0,4,0,0,0,0,0,0,6,0,0,1,0,0,0,0,6,5,2,3,0,0,0,28,11.0
79,CT,2013,12,5,0,5,3,0,0,0,0,0,1,2,0,1,0,0,0,0,16,2,0,1,0,0,0,3,12.0
80,CT,2014,6,8,1,2,6,1,0,0,0,0,0,0,0,0,0,0,0,3,5,1,0,3,0,0,0,5,6.0
81,CT,2015,12,11,0,2,3,1,1,1,0,0,0,0,0,0,0,0,0,0,2,3,1,3,0,0,0,13,12.0
82,CT,2016,18,11,0,7,0,0,0,0,0,0,2,0,0,0,1,0,0,0,3,1,0,2,0,0,0,7,18.0
83,CT,2017,5,13,0,2,1,0,0,0,0,0,1,0,0,0,0,0,0,2,8,0,1,2,0,0,0,10,5.0
84,DC,2001,0,0,0,0,0,0,0,0,0,0,0,0,0,0,0,0,0,0,0,0,0,0,0,0,0,1,0.0
85,DC,2002,0,1,0,0,0,0,0,0,0,0,0,0,0,0,0,0,0,0,0,0,0,0,0,0,0,0,0.0
86,DC,2003,0,0,0,0,0,0,0,0,0,0,0,0,0,0,0,0,0,0,1,0,0,0,0,0,0,0,0.0
87,DC,2009,0,0,0,0,0,0,0,0,0,0,0,0,0,0,0,0,0,0,0,0,0,0,0,0,0,1,0.0
88,DC,2016,0,0,0,0,0,0,0,0,0,0,0,0,0,0,0,0,0,0,1,0,0,0,0,0,0,0,0.0
89,DE,2001,12,1,0,3,0,0,0,0,0,0,0,0,0,0,0,0,0,2,5,1,0,3,0,0,0,18,12.0
90,DE,2002,8,2,0,3,1,0,0,0,0,0,2,0,0,0,0,0,0,0,2,1,2,4,0,0,0,7,8.0
91,DE,2003,12,6,0,0,0,0,0,0,0,0,0,0,0,0,0,1,0,2,1,1,0,1,0,0,0,2,12.0
92,DE,2004,17,4,0,1,1,0,0,0,0,0,0,0,0,0,0,0,0,0,1,0,0,0,0,0,0,6,17.0
93,DE,2005,18,9,0,1,0,0,0,0,0,0,0,0,0,0,1,0,1,1,4,1,0,5,0,0,0,10,18.0
94,DE,2006,35,8,0,0,0,0,0,0,0,0,0,0,0,0,0,0,2,1,16,0,0,2,0,0,0,20,35.0
95,DE,2007,28,4,0,3,1,0,0,0,0,0,1,0,0,0,0,0,0,1,5,0,0,0,0,0,0,13,28.0
96,DE,2008,20,14,0,4,0,0,0,0,0,0,0,0,0,0,0,0,0,0,12,0,0,3,0,0,0,25,20.0
97,DE,2009,20,10,0,1,2,2,0,0,0,0,1,0,0,0,0,0,0,0,2,0,0,2,0,0,0,12,20.0
98,DE,2010,24,15,0,3,2,0,0,0,0,0,5,0,0,0,0,0,0,0,11,1,0,1,0,0,0,13,24.0
99,DE,2011,25,11,0,1,0,1,0,0,0,0,2,0,0,0,0,2,0,0,3,0,0,4,0,0,0,17,25.0
100,DE,2012,18,12,0,2,2,1,0,0,0,0,3,0,0,0,1,0,0,1,8,0,0,0,0,1,0,14,18.0
101,DE,2013,12,3,0,1,0,0,0,0,0,0,1,0,0,0,1,0,0,0,5,2,0,2,0,0,0,10,12.0
102,DE,2014,23,2,1,2,4,1,0,0,0,0,0,0,0,0,0,0,0,0,3,1,0,2,0,0,0,25,23.0
103,DE,2015,20,8,1,1,3,1,0,0,0,0,2,0,0,0,1,0,1,0,9,0,0,3,0,0,0,18,20.0
104,DE,2016,13,9,0,2,0,0,0,0,0,1,0,1,0,0,0,0,1,0,11,1,0,1,0,0,0,15,13.0
105,DE,2017,17,11,0,2,4,0,0,0,0,1,0,0,0,0,0,0,0,0,14,0,1,1,0,0,0,10,17.0
106,GA,2004,3,0,0,0,0,0,0,0,0,0,0,0,0,0,0,0,0,0,0,0,0,0,0,0,0,0,3.0
107,GA,2007,1,0,0,0,0,0,0,0,0,0,0,0,0,0,0,0,0,0,0,0,0,0,0,0,0,3,1.0
108,GA,2008,0,1,0,0,0,0,0,0,0,0,0,0,0,0,0,0,0,0,0,0,0,0,0,0,0,0,0.0
109,IA,1992,3,7,0,1,2,0,1,0,0,0,0,0,0,0,0,0,0,2,0,0,0,2,1,0,0,10,3.0
110,IA,1993,4,23,1,2,4,0,1,0,0,0,1,0,0,0,0,0,0,0,2,2,0,6,0,0,0,11,4.0
111,IA,1995,20,22,0,5,4,1,0,0,0,2,0,0,0,0,0,0,0,1,5,0,0,4,0,0,0,8,20.0
112,IA,1996,10,16,0,0,6,2,0,0,0,0,0,0,0,0,3,2,0,0,8,0,0,9,0,0,0,8,10.0
113,IA,1997,10,7,0,5,4,1,0,0,0,0,1,0,0,0,0,0,0,0,2,1,1,0,0,0,0,7,10.0
114,IA,1998,13,17,0,2,4,1,2,0,0,0,0,0,0,0,0,0,1,0,1,3,2,5,0,0,0,5,13.0
115,IA,1999,23,10,0,1,1,0,0,0,0,0,1,0,0,0,1,0,0,1,6,0,0,5,2,0,0,2,23.0
116,IA,2000,11,19,1,3,10,0,1,0,0,2,2,0,0,0,0,0,0,0,2,1,0,2,0,0,0,11,11.0
117,IA,2001,10,20,0,1,4,1,2,0,0,1,0,0,0,0,1,0,0,0,2,0,0,5,0,1,0,7,10.0
118,IA,2002,10,21,0,5,5,1,0,0,0,0,1,0,1,0,0,0,0,0,1,2,0,4,1,0,0,15,10.0
119,IA,2003,11,23,1,5,6,2,0,0,0,0,3,0,0,0,0,2,0,1,7,2,0,2,0,1,0,6,11.0
120,IA,2004,19,12,0,2,2,0,1,0,0,0,1,0,0,0,0,0,0,2,5,0,3,2,0,1,0,5,19.0
121,IA,2005,19,4,0,4,4,1,1,0,0,0,0,0,0,0,1,0,0,0,12,0,0,1,0,0,0,10,19.0
122,IA,2006,8,13,0,7,2,0,0,0,0,2,3,0,0,0,0,2,0,0,10,4,4,3,0,2,0,3,8.0
123,IA,2007,7,15,1,5,3,0,0,0,0,0,1,0,0,0,0,1,0,0,0,1,1,2,0,1,0,4,7.0
124,IA,2008,14,25,0,6,12,2,0,0,0,1,1,0,0,0,0,1,0,1,7,0,1,6,3,0,0,11,14.0
125,IA,2009,16,7,0,2,2,1,1,0,0,1,0,0,0,0,0,1,0,2,4,1,1,4,1,0,0,2,16.0
126,IA,2010,1,13,0,5,2,2,0,0,0,0,2,0,0,0,1,1,1,0,3,0,0,5,0,1,0,7,1.0
127,IA,2011,20,8,0,2,7,0,1,0,0,1,4,0,0,0,0,0,0,2,8,1,1,4,0,0,0,7,20.0
128,IA,2012,25,11,0,3,4,0,0,0,0,0,2,0,2,0,0,0,0,0,10,1,0,4,0,0,0,3,25.0
129,IA,2013,19,10,1,8,1,0,1,0,0,0,1,0,0,1,0,0,1,0,5,4,0,0,0,0,0,3,19.0
130,IA,2014,18,21,0,6,2,1,0,0,0,1,1,0,0,0,0,0,0,1,1,5,1,6,1,0,0,2,18.0
131,IA,2015,28,26,0,8,4,0,0,0,0,0,5,0,1,0,0,1,0,0,7,2,2,3,0,0,0,6,28.0
132,IA,2016,29,18,0,5,4,1,0,0,0,1,3,0,1,0,1,0,0,0,10,4,1,3,0,0,0,5,29.0
133,IA,2017,37,20,0,4,0,2,0,0,0,2,1,0,3,0,0,0,0,0,11,8,3,2,1,1,0,14,37.0
134,ID,1992,4,4,0,0,2,0,1,0,0,0,1,0,0,0,1,0,0,0,0,1,2,1,0,0,0,3,4.0
135,ID,1993,3,14,0,2,0,0,1,0,0,0,2,0,1,0,0,0,0,0,5,1,3,5,1,0,0,1,3.0
136,ID,1995,8,19,1,1,3,0,1,0,0,0,6,1,0,0,0,0,2,0,4,0,1,3,0,0,0,4,8.0
137,ID,1996,16,6,0,3,4,3,0,0,0,1,10,0,2,0,0,0,0,1,2,0,0,5,0,0,0,5,16.0
138,ID,1997,5,14,0,0,1,0,1,0,0,0,1,0,0,1,1,3,0,0,9,1,1,7,0,0,0,3,5.0
139,ID,1998,12,14,2,1,4,1,0,0,0,1,1,0,0,0,1,0,0,0,8,0,0,1,1,0,0,6,12.0
140,ID,1999,4,13,0,2,6,1,0,0,0,0,3,0,0,0,0,0,0,0,2,0,0,1,0,0,0,1,4.0
141,ID,2000,5,2,0,0,0,0,0,0,0,2,3,0,0,0,1,0,0,0,1,0,0,2,0,0,0,2,5.0
142,ID,2001,3,8,0,4,1,1,0,0,0,0,1,0,0,0,1,1,0,1,6,1,1,4,0,0,0,0,3.0
143,ID,2002,8,9,0,2,2,2,0,0,0,0,4,0,1,0,0,1,0,1,4,1,1,5,2,0,0,5,8.0
144,ID,2003,4,11,0,2,3,0,0,2,1,1,0,1,0,0,0,0,0,1,2,2,0,2,0,0,0,0,4.0
145,ID,2004,13,16,0,2,0,0,0,0,0,1,2,0,0,0,0,0,0,5,4,3,2,1,0,0,0,4,13.0
146,ID,2005,16,12,0,1,6,0,0,0,0,0,2,0,0,0,0,0,0,2,3,1,0,4,0,0,0,4,16.0
147,ID,2006,5,10,0,1,3,1,0,2,1,0,4,0,0,0,0,0,0,0,3,2,0,7,0,0,0,8,5.0
148,ID,2007,9,23,0,4,3,0,0,0,0,0,4,0,0,0,2,0,0,1,6,1,1,4,0,0,0,6,9.0
149,ID,2008,19,8,0,1,3,0,0,0,0,0,0,0,0,2,0,0,0,1,1,1,0,5,0,0,0,0,19.0
150,ID,2009,6,3,0,1,5,1,0,0,0,0,1,1,0,0,1,0,0,1,2,1,0,3,0,0,0,2,6.0
151,ID,2010,0,4,1,2,2,1,1,0,0,0,0,0,0,0,0,1,0,0,2,1,0,5,1,0,0,1,0.0
152,ID,2011,1,11,0,3,5,2,1,1,0,2,0,0,0,0,0,0,0,1,11,1,0,1,1,0,0,2,1.0
153,ID,2012,7,9,0,0,2,0,0,0,0,1,1,0,1,0,0,0,0,1,0,3,1,6,0,0,0,2,7.0
154,ID,2013,8,7,0,3,0,0,1,0,0,0,2,0,0,0,0,0,0,0,2,2,0,3,1,0,0,2,8.0
155,ID,2014,12,3,1,3,1,0,1,0,0,1,0,0,0,0,0,0,0,0,18,2,1,3,2,0,0,4,12.0
156,ID,2015,9,12,0,2,0,0,1,0,0,0,4,0,0,0,2,0,0,0,1,1,0,3,0,1,0,7,9.0
157,ID,2016,6,15,0,5,9,0,0,0,0,0,5,0,0,0,1,0,0,0,1,0,1,2,1,0,0,15,6.0
158,ID,2017,1,8,0,2,3,1,0,0,0,2,0,0,0,0,0,1,0,1,0,2,0,2,2,0,0,4,1.0
159,IL,1993,102,36,0,10,6,2,0,0,0,4,13,0,0,0,1,4,0,0,22,0,1,13,1,0,0,35,102.0
160,IL,2004,0,0,0,0,0,0,0,0,0,0,0,0,0,0,0,0,0,0,0,0,0,0,0,0,0,2,0.0
161,IL,2006,21,11,0,1,0,0,0,0,0,0,1,0,0,0,0,0,0,0,2,0,0,0,0,0,0,10,21.0
162,IL,2007,36,10,0,1,0,0,0,0,0,0,0,0,0,0,0,0,1,0,6,0,0,0,0,0,0,25,36.0
163,IL,2008,22,12,0,6,0,0,0,0,0,0,3,0,0,1,0,0,0,0,3,0,0,0,0,0,0,0,22.0
164,IL,2009,36,14,0,1,0,0,0,0,0,0,1,0,0,0,0,0,0,1,3,2,0,1,0,0,0,0,36.0
165,IL,2010,57,9,0,0,0,0,0,0,0,0,0,0,0,0,0,0,2,1,4,0,0,0,0,0,0,2,57.0
166,IL,2011,24,4,0,1,3,1,0,0,0,1,1,0,0,0,0,0,1,1,1,0,1,0,0,0,0,1,24.0
167,IL,2012,24,4,0,3,0,2,0,0,0,0,0,0,0,0,0,2,1,0,1,0,0,0,0,0,0,3,24.0
168,IL,2013,56,5,0,1,0,0,0,0,0,0,0,0,0,0,0,0,0,0,1,0,0,0,0,0,0,0,56.0
169,IL,2014,25,0,0,1,0,0,0,0,0,0,2,0,0,0,0,0,0,0,3,0,0,0,0,0,0,1,25.0
170,IL,2015,33,0,0,0,0,0,0,1,0,0,1,0,0,0,0,0,1,1,4,0,0,1,0,0,0,0,33.0
171,IL,2016,32,9,1,3,0,0,0,0,0,0,0,0,0,1,0,8,0,0,3,0,0,0,0,0,0,9,32.0
172,IL,2017,33,7,0,0,0,0,0,0,0,0,0,0,0,0,0,0,0,0,1,0,1,0,0,0,0,1,33.0
173,IN,2014,6,3,0,1,1,1,0,0,0,1,2,0,0,0,0,0,0,0,2,0,1,0,0,0,0,10,6.0
174,IN,2015,8,1,0,0,0,0,0,0,0,0,0,0,0,0,0,0,0,0,2,0,0,0,0,0,0,1,8.0
175,IN,2016,3,4,0,0,1,0,0,0,0,0,3,0,0,0,0,0,0,1,6,2,0,1,0,1,0,2,3.0
176,IN,2017,5,2,0,1,0,0,0,0,0,0,5,0,0,0,0,2,0,1,3,0,0,0,0,0,0,0,5.0
177,KS,2000,22,5,0,2,4,1,1,0,0,1,3,0,0,0,0,0,1,3,2,4,3,1,1,0,0,2,22.0
178,KS,2001,23,10,0,2,3,1,0,1,0,1,5,0,1,0,1,0,0,0,3,1,1,3,0,0,0,6,23.0
179,KS,2002,12,6,1,2,3,1,0,0,0,0,0,0,0,1,2,1,2,0,2,1,0,2,0,0,0,11,12.0
180,KS,2003,32,11,0,2,5,1,1,0,0,1,1,0,0,1,0,2,0,1,8,1,1,8,0,1,0,15,32.0
181,KS,2004,28,23,0,7,8,0,1,0,0,1,2,0,0,1,0,0,1,3,1,2,1,11,0,0,0,7,28.0
182,KS,2005,13,16,0,5,4,1,1,0,0,1,4,0,1,0,0,0,0,1,3,3,1,2,0,0,0,3,13.0
183,KS,2006,22,16,0,7,1,0,1,0,0,0,3,1,0,0,1,0,0,1,11,3,2,2,1,0,0,17,22.0
184,KS,2007,34,21,0,2,4,0,0,0,0,0,4,2,0,1,0,0,0,4,11,0,0,4,0,1,0,31,34.0
185,KS,2008,21,29,1,4,7,2,0,0,0,1,5,0,0,0,0,0,1,2,7,1,0,1,2,0,0,18,21.0
186,KS,2009,29,25,1,3,12,2,0,0,0,3,2,0,0,0,1,0,0,2,1,2,2,6,2,0,0,20,29.0
187,KS,2010,18,20,0,5,2,2,1,0,0,1,1,0,0,0,0,0,0,2,2,4,1,7,1,0,1,8,18.0
188,KS,2011,23,18,1,6,0,2,1,0,0,0,3,1,2,0,0,1,0,0,9,1,1,8,0,0,0,11,23.0
189,KS,2012,8,15,0,5,4,1,0,0,0,0,8,0,2,0,0,0,0,0,4,0,1,6,0,0,0,18,8.0
190,KS,2013,17,36,0,4,6,1,0,0,0,1,5,0,0,0,0,1,0,1,9,4,4,7,0,0,0,28,17.0
191,KS,2014,16,17,0,3,4,4,0,0,0,0,3,0,0,0,0,1,1,3,6,0,1,1,0,0,0,19,16.0
192,KS,2015,26,22,0,7,7,2,0,0,0,0,3,0,0,1,1,0,0,3,4,1,1,5,0,1,0,21,26.0
193,KS,2016,19,35,2,3,3,0,0,0,0,1,2,0,2,0,0,0,1,2,21,2,1,3,1,0,0,19,19.0
194,KS,2017,24,42,0,9,10,3,0,0,0,0,1,0,0,0,0,0,3,1,19,3,1,3,0,0,1,12,24.0
195,KY,1998,2,0,0,0,0,0,0,0,0,0,0,0,0,0,0,0,0,0,0,0,0,0,0,0,0,0,2.0
196,KY,1999,5,0,0,0,0,0,0,0,0,0,0,0,0,0,0,0,0,0,0,0,0,0,0,0,0,0,5.0
197,KY,2000,2,1,0,0,0,0,0,0,0,0,0,0,0,0,0,0,0,0,0,0,0,2,0,0,0,0,2.0
198,KY,2001,1,0,0,0,0,0,0,0,0,0,0,0,0,0,0,0,0,0,0,0,0,1,0,0,0,1,1.0
199,KY,2002,2,1,0,3,0,0,0,0,0,0,0,0,0,0,0,0,0,0,0,0,0,0,0,0,0,9,2.0
200,KY,2003,3,1,0,1,1,0,0,0,0,0,0,0,0,0,0,0,0,0,1,0,1,0,0,0,0,2,3.0
201,KY,2004,2,2,0,0,0,0,0,0,0,0,1,0,0,0,0,0,0,0,9,0,0,2,0,0,1,6,2.0
202,KY,2005,0,4,0,0,0,0,0,0,0,0,1,0,0,0,0,0,0,0,1,0,0,2,0,0,0,4,0.0
203,KY,2006,0,6,0,1,0,0,0,0,0,0,0,0,0,0,0,0,0,0,2,1,0,2,0,0,0,3,0.0
204,KY,2007,0,3,0,0,1,1,0,0,0,0,0,1,0,0,0,0,0,0,1,0,0,1,0,0,0,7,0.0
205,KY,2008,1,5,0,1,1,0,0,0,0,0,1,0,0,0,0,0,0,0,0,0,0,1,0,0,0,4,1.0
206,KY,2009,11,42,0,6,11,2,0,0,0,2,5,0,0,0,0,3,1,4,10,4,3,6,1,1,1,14,11.0
207,KY,2010,2,28,0,10,5,1,0,0,0,2,8,0,0,0,2,4,0,5,2,7,1,15,1,0,0,10,2.0
208,KY,2011,3,41,0,4,6,3,0,0,0,0,6,0,1,0,0,2,0,4,6,2,2,11,0,0,0,9,3.0
209,KY,2012,11,61,1,9,8,1,0,0,0,1,4,1,0,0,0,3,0,6,13,7,0,10,1,1,0,21,11.0
210,KY,2013,5,38,1,14,4,1,0,0,0,0,11,0,2,2,3,0,0,1,4,1,3,14,0,0,0,19,5.0
211,KY,2014,17,44,1,13,1,2,0,0,0,1,5,0,0,0,1,2,0,5,15,2,3,12,0,0,0,38,17.0
212,KY,2015,28,45,1,13,9,2,0,0,0,1,18,0,1,2,1,3,0,8,14,6,2,14,0,0,1,26,28.0
213,KY,2016,31,114,0,14,9,1,0,0,0,1,14,0,1,1,0,1,0,8,20,5,3,12,0,3,0,48,31.0
214,KY,2017,22,93,1,15,9,5,1,0,0,0,11,1,0,0,1,4,0,10,19,3,2,20,1,1,1,51,22.0
215,LA,2003,2,7,0,3,0,0,0,0,0,0,2,0,0,0,1,1,0,0,3,0,0,0,0,0,0,5,2.0
216,LA,2004,6,15,0,2,0,0,0,0,0,0,0,0,0,0,0,0,0,0,4,0,1,0,0,0,0,7,6.0
217,LA,2005,0,6,0,4,0,0,0,0,0,0,0,0,0,0,1,0,0,0,4,0,0,2,0,0,0,1,0.0
218,LA,2006,7,8,0,5,0,1,0,0,0,0,2,0,0,2,0,0,0,1,17,1,1,2,1,0,0,14,7.0
219,LA,2007,22,8,0,3,1,0,1,0,0,0,1,0,0,0,0,0,0,0,8,0,1,3,1,1,0,2,22.0
220,LA,2008,13,6,0,1,2,0,1,0,0,1,0,0,0,0,0,1,0,0,10,0,0,3,0,3,0,2,13.0
221,LA,2009,6,8,0,0,1,0,1,0,0,1,0,0,0,0,0,1,0,2,6,0,0,3,0,0,0,4,6.0
222,LA,2010,15,10,0,2,0,0,0,0,0,0,3,0,0,0,1,0,1,0,10,0,0,3,0,0,0,1,15.0
223,LA,2011,14,6,0,5,1,0,0,0,0,0,1,0,0,0,1,0,0,0,8,1,0,4,0,1,0,1,14.0
224,LA,2012,2,2,0,1,0,0,1,0,0,0,0,0,0,0,0,0,0,0,4,0,0,0,0,0,0,0,2.0
225,LA,2013,10,2,0,1,0,0,0,0,0,0,0,0,0,0,0,0,0,1,23,1,0,1,0,1,0,3,10.0
226,LA,2014,8,5,0,2,2,0,0,0,0,0,1,0,1,0,0,0,0,0,12,0,1,6,0,0,0,0,8.0
227,LA,2015,23,4,0,2,2,0,0,0,0,1,1,0,0,0,0,0,0,0,6,0,0,1,0,0,0,0,23.0
228,LA,2016,26,7,0,3,2,0,0,0,0,0,0,0,2,0,0,0,0,1,6,0,1,0,0,0,0,0,26.0
229,LA,2017,46,16,0,2,1,0,0,0,0,0,4,0,0,0,0,0,1,1,10,0,1,2,0,1,0,2,46.0
230,MA,1995,4,2,0,0,0,0,0,0,0,0,0,0,1,0,0,0,0,0,0,0,1,2,0,0,0,0,4.0
231,MA,1996,8,2,0,2,1,1,1,0,0,0,0,0,0,0,0,0,0,1,3,0,0,2,0,0,0,5,8.0
232,MA,1997,13,2,0,1,1,0,0,0,0,0,1,0,0,0,0,0,0,0,1,3,0,1,0,0,0,0,13.0
233,MA,1998,15,1,0,2,2,0,1,0,1,0,1,0,0,0,0,0,0,0,3,0,0,0,0,0,0,8,15.0
234,MA,1999,13,14,0,3,1,0,0,0,0,0,3,0,0,0,0,4,2,0,2,0,0,2,0,0,0,6,13.0
235,MA,2000,8,12,1,7,1,0,0,0,0,1,1,0,0,0,0,0,0,0,7,1,0,4,0,0,0,6,8.0
236,MA,2001,12,11,0,4,3,0,0,0,0,1,1,2,0,0,0,0,0,1,9,0,0,2,0,0,0,5,12.0
237,MA,2002,19,8,0,4,4,1,0,0,0,0,2,0,0,0,0,0,0,1,7,1,1,3,0,0,0,3,19.0
238,MA,2003,15,9,1,2,1,0,0,0,1,0,0,0,0,0,0,0,0,0,11,5,1,5,0,0,0,6,15.0
239,MA,2004,34,15,0,9,1,0,0,0,0,0,4,0,0,0,0,0,0,0,21,0,0,4,1,0,0,11,34.0
240,MA,2005,48,20,0,2,0,0,1,0,0,1,3,0,0,1,0,0,0,1,11,0,0,2,0,0,0,14,48.0
241,MA,2006,23,17,0,2,4,1,0,1,1,0,4,0,0,0,0,0,0,2,11,2,1,6,0,0,0,27,23.0
242,MA,2007,27,17,0,10,7,0,0,0,0,3,3,0,0,1,0,0,0,0,11,1,0,10,2,2,0,20,27.0
243,MA,2008,41,10,0,7,2,0,0,0,0,1,2,0,0,0,0,0,0,2,14,1,1,1,0,0,0,17,41.0
244,MA,2009,33,15,0,7,4,1,0,0,0,0,1,1,1,0,0,1,0,6,17,1,1,7,0,0,0,10,33.0
245,MA,2010,50,22,0,10,5,0,0,0,0,0,5,0,0,0,1,1,0,1,20,2,2,9,0,0,0,24,50.0
246,MA,2011,24,18,0,4,3,0,0,0,0,0,4,0,0,1,3,1,0,1,16,2,4,7,1,0,0,31,24.0
247,MA,2012,16,5,0,4,1,0,0,0,0,0,1,0,1,0,1,0,1,0,9,1,0,3,0,1,0,9,16.0
248,MA,2013,24,20,0,8,4,0,0,0,0,2,6,0,0,0,0,0,0,1,9,4,0,3,0,0,0,11,24.0
249,MA,2014,21,14,0,5,0,0,0,1,0,0,3,0,0,0,0,0,0,1,14,3,0,2,0,0,0,9,21.0
250,MA,2015,22,19,0,6,2,1,0,0,0,0,1,0,0,1,0,3,0,0,12,2,1,4,0,0,0,17,22.0
251,MA,2016,15,11,0,4,1,0,0,0,0,1,2,0,0,0,0,3,0,0,16,2,0,4,0,0,0,16,15.0
252,MA,2017,27,20,0,7,1,0,0,0,0,0,4,0,2,0,0,1,0,0,14,6,1,3,0,1,0,9,27.0
253,MD,2017,11,9,0,2,0,0,0,0,0,0,1,0,0,0,0,0,0,0,0,1,0,0,0,0,0,4,11.0
254,ME,2007,0,3,0,0,0,0,0,0,0,0,0,0,0,0,0,0,0,0,0,0,0,0,0,0,0,1,0.0
255,ME,2008,1,1,0,1,0,0,0,0,0,0,0,0,0,0,0,1,0,0,0,2,1,0,0,1,0,0,1.0
256,ME,2009,0,0,0,0,0,0,0,0,0,0,0,0,0,0,0,0,0,0,0,0,0,2,0,0,0,2,0.0
257,ME,2010,0,2,0,0,0,0,0,0,0,0,0,0,0,0,0,0,2,0,0,0,0,0,0,0,0,0,0.0
258,ME,2011,0,2,0,0,0,0,0,0,0,0,1,0,0,1,0,0,0,0,0,0,0,1,0,0,0,0,0.0
259,ME,2012,0,2,0,0,0,0,0,0,0,0,0,0,1,0,0,0,0,0,1,1,0,0,0,0,0,1,0.0
260,ME,2013,0,0,0,0,0,1,0,0,0,0,0,0,0,0,0,0,0,0,0,0,0,0,0,0,0,0,0.0
261,ME,2014,0,1,0,1,3,0,0,0,0,0,0,0,0,0,0,0,0,0,0,0,0,1,1,0,0,0,0.0
262,ME,2015,0,1,0,0,0,0,0,0,0,0,0,0,0,0,0,3,0,0,0,0,0,0,0,0,0,1,0.0
263,ME,2016,0,0,0,0,0,0,0,0,0,0,0,0,0,0,0,0,0,0,0,0,0,0,0,0,0,2,0.0
264,ME,2017,0,1,0,0,1,0,0,0,0,0,0,0,0,0,0,0,0,0,0,0,0,1,0,0,0,1,0.0
265,MI,1995,6,8,1,4,1,1,0,0,0,0,2,0,0,0,0,0,0,3,1,0,1,4,0,0,0,7,6.0
266,MI,1996,27,16,1,6,6,3,1,1,0,1,2,0,1,0,0,1,0,0,4,4,1,5,0,0,0,6,27.0
267,MI,1997,33,39,5,6,5,0,1,0,0,1,9,0,0,0,1,4,0,1,6,3,1,15,0,0,0,13,33.0
268,MI,1998,45,47,2,5,20,1,1,0,0,1,2,0,0,0,1,2,0,3,14,5,3,13,2,1,0,9,45.0
269,MI,1999,39,59,3,7,8,1,1,0,0,3,5,0,1,0,0,0,0,6,21,7,3,16,1,1,1,27,39.0
270,MI,2000,58,28,0,18,12,2,3,0,0,2,15,0,1,0,0,2,0,4,22,11,3,15,1,1,0,31,58.0
271,MI,2001,41,55,2,11,9,1,0,0,1,1,9,0,2,0,2,2,0,2,17,1,2,16,1,1,0,28,41.0
272,MI,2002,87,68,0,17,15,0,2,0,1,1,10,0,3,2,0,1,0,1,14,3,3,17,2,2,0,32,87.0
273,MI,2003,86,38,1,13,4,1,2,0,1,1,11,0,1,1,2,0,0,3,18,9,3,11,1,3,0,29,86.0
274,MI,2004,111,52,0,11,14,1,1,0,0,1,14,0,1,2,1,3,0,5,34,7,2,13,0,2,0,28,111.0
275,MI,2005,434,98,1,22,16,1,6,0,0,1,15,2,2,0,0,1,0,5,51,14,6,22,0,1,0,60,434.0
276,MI,2006,564,145,0,24,14,3,2,0,0,2,18,0,0,1,5,2,2,10,43,5,5,32,0,1,0,52,564.0
277,MI,2007,453,93,1,24,18,1,0,1,4,4,14,0,0,1,3,6,2,5,52,7,7,21,1,1,1,86,453.0
278,MI,2008,271,70,2,12,13,3,2,0,0,2,11,1,2,0,0,2,0,12,15,8,5,13,1,0,2,60,271.0
279,MI,2009,294,91,2,24,14,3,2,1,0,0,10,1,1,1,1,7,0,10,32,11,16,20,3,1,0,57,294.0
280,MI,2010,194,109,2,21,12,3,3,0,2,2,15,1,2,0,1,3,0,8,32,11,3,13,3,1,1,61,194.0
281,MI,2011,195,89,0,15,18,3,3,0,1,3,16,0,1,1,1,9,0,5,31,8,3,16,1,1,0,75,195.0
282,MI,2012,230,113,2,16,19,5,2,0,1,1,13,1,0,0,0,4,0,4,46,8,7,16,0,2,0,73,230.0
283,MI,2013,178,112,1,17,22,2,2,0,0,1,20,0,1,0,1,1,0,8,47,7,7,21,0,1,1,92,178.0
284,MI,2014,248,82,1,25,16,2,2,0,0,1,20,1,0,3,3,10,0,9,41,14,7,14,1,2,0,46,248.0
285,MI,2015,277,53,1,23,28,6,2,0,0,2,13,0,4,0,2,2,2,10,48,6,3,21,3,0,1,39,277.0
286,MI,2016,235,63,0,12,16,5,1,0,1,0,14,0,1,1,3,7,0,10,42,9,8,22,4,2,0,46,235.0
287,MI,2017,292,60,1,17,16,2,1,0,0,0,20,0,2,0,2,11,0,8,54,9,1,14,2,2,0,31,292.0
288,MN,2017,3,2,0,0,0,0,0,0,0,0,0,0,0,0,0,0,0,0,0,0,0,1,0,0,0,0,3.0
289,MO,2006,0,0,0,0,0,0,0,0,0,0,0,0,0,0,0,0,0,0,1,1,0,0,0,0,0,0,0.0
290,MO,2009,7,0,0,0,0,0,0,0,0,0,0,0,0,0,0,0,0,0,2,0,0,0,0,0,0,0,7.0
291,MO,2010,159,8,0,2,4,0,0,0,0,0,0,0,0,0,0,0,1,0,1,0,0,2,0,0,0,3,159.0
292,MO,2011,146,5,0,6,0,0,1,0,0,0,0,0,0,0,1,0,4,2,1,1,1,2,0,0,0,8,146.0
293,MO,2012,151,5,0,5,1,3,0,0,0,0,1,0,0,0,0,0,6,1,3,0,0,5,0,0,0,2,151.0
294,MO,2013,150,6,0,2,0,0,0,0,0,0,2,0,0,0,0,0,1,1,1,0,0,3,0,0,0,2,150.0
295,MO,2014,130,5,0,1,1,0,0,0,0,0,1,0,0,0,0,2,1,0,2,0,0,1,1,0,0,5,130.0
296,MO,2015,184,3,2,1,3,0,0,0,0,0,2,0,0,0,0,1,0,2,7,0,1,1,0,1,0,2,184.0
297,MO,2016,191,2,1,3,2,0,0,0,0,0,1,0,0,0,0,1,0,1,1,2,1,2,0,0,0,1,191.0
298,MO,2017,183,11,0,5,2,0,0,0,0,0,1,0,0,0,0,0,1,0,1,2,1,2,0,0,0,2,183.0
299,MS,2009,3,0,0,0,0,0,0,0,0,0,0,0,0,0,0,0,0,0,0,0,0,1,0,0,0,0,3.0
300,MS,2010,2,5,0,1,0,0,0,0,0,0,0,0,0,0,0,0,0,1,0,0,0,1,0,0,0,4,2.0
301,MS,2011,14,4,0,1,0,0,0,0,0,0,0,0,0,0,0,1,0,0,0,1,0,1,0,0,0,6,14.0
302,MS,2012,5,1,0,0,0,0,0,0,0,0,0,0,0,0,0,0,0,0,0,0,0,0,0,0,0,2,5.0
303,MS,2013,7,2,0,0,0,0,0,0,0,0,0,0,0,0,0,0,0,0,2,0,0,1,0,0,0,0,7.0
304,MS,2014,7,13,0,0,0,0,0,0,0,0,0,0,0,0,0,0,0,0,0,0,0,0,0,0,0,0,7.0
305,MS,2015,9,5,0,1,0,0,0,0,0,0,2,0,0,0,0,0,1,1,0,0,2,1,0,0,0,1,9.0
306,MS,2016,9,6,0,0,0,0,0,0,0,0,2,0,0,0,0,0,0,0,2,0,0,0,0,0,0,1,9.0
307,MS,2017,7,9,0,0,0,0,0,0,0,0,0,0,0,0,0,0,0,0,3,0,0,2,0,0,0,0,7.0
308,MT,2005,9,13,0,2,0,0,0,0,0,1,3,0,0,0,1,1,0,0,2,0,0,0,0,0,0,3,9.0
309,MT,2006,5,10,0,2,4,0,0,0,0,0,0,0,0,0,1,0,0,1,0,1,0,0,0,0,0,2,5.0
310,MT,2007,5,3,0,2,0,0,0,0,0,0,1,0,0,0,0,0,0,0,1,0,0,3,0,0,0,2,5.0
311,MT,2008,4,1,1,8,2,0,1,0,0,0,3,0,0,0,0,0,0,1,0,3,2,0,1,0,0,1,4.0
312,MT,2009,5,7,0,3,0,0,1,0,0,0,2,0,0,0,0,1,0,0,2,1,1,2,1,0,0,1,5.0
313,MT,2010,8,3,0,4,0,0,0,0,0,0,1,0,0,0,0,2,0,0,1,2,1,4,1,0,0,1,8.0
314,MT,2011,4,15,0,0,0,0,0,0,0,0,0,0,1,0,0,0,0,2,1,0,0,1,0,0,0,0,4.0
315,MT,2012,2,7,0,3,2,0,1,0,0,0,0,0,0,0,0,0,0,0,3,0,0,2,0,1,0,2,2.0
316,MT,2013,4,5,0,1,1,0,0,0,0,0,3,0,2,0,0,0,0,0,2,0,1,1,0,0,0,1,4.0
317,MT,2014,11,9,0,4,4,0,1,0,0,0,0,0,0,0,1,0,0,0,4,0,0,1,0,0,0,4,11.0
318,MT,2015,16,10,1,6,4,0,1,0,0,0,1,0,0,0,0,0,0,0,0,0,0,4,0,0,0,3,16.0
319,MT,2016,6,8,0,4,2,0,0,0,0,0,0,0,0,0,4,2,0,1,2,0,0,5,0,0,0,3,6.0
320,MT,2017,2,15,1,1,1,1,0,0,0,0,1,0,1,0,0,3,0,0,0,3,1,5,0,0,0,2,2.0
321,NE,1998,0,7,0,0,0,0,0,0,0,0,0,0,0,0,0,0,0,0,0,0,0,1,0,0,0,1,0.0
322,NE,1999,3,0,0,2,0,0,0,0,0,0,3,0,0,0,0,0,0,0,0,0,0,1,0,0,0,0,3.0
323,NE,2000,8,2,0,0,0,0,0,0,0,0,0,0,0,0,1,0,0,0,0,0,0,2,0,0,0,0,8.0
324,NE,2001,0,4,0,0,0,0,0,0,0,0,0,0,0,0,0,0,0,0,0,0,0,2,0,0,0,0,0.0
325,NE,2002,0,0,0,1,0,0,0,0,0,0,0,0,0,0,0,0,0,0,0,0,0,1,0,0,0,25,0.0
326,NE,2003,0,1,0,0,0,0,0,0,0,0,0,0,0,0,0,0,0,0,0,2,0,1,0,0,0,0,0.0
327,NE,2004,4,8,1,1,0,0,0,0,0,0,0,0,0,0,0,0,0,0,2,0,0,0,0,0,0,0,4.0
328,NE,2005,0,1,0,0,0,0,0,0,0,0,0,0,0,0,0,0,0,0,5,0,0,1,0,0,0,0,0.0
329,NE,2006,1,2,0,0,2,0,0,0,0,0,0,0,0,0,0,0,0,0,2,0,0,0,0,0,0,0,1.0
330,NE,2007,2,6,0,1,1,0,0,0,0,1,0,0,0,0,0,0,0,0,3,0,0,0,0,0,0,1,2.0
331,NE,2008,2,4,0,1,0,0,0,0,0,1,3,0,0,0,0,1,0,1,0,0,0,1,0,0,0,0,2.0
332,NE,2009,0,0,0,1,0,0,0,0,0,0,0,0,0,0,0,0,0,0,0,0,0,0,0,0,0,0,0.0
333,NE,2010,1,3,0,1,1,0,0,0,0,0,1,0,0,0,0,0,0,0,1,1,1,0,0,0,0,0,1.0
334,NE,2011,1,5,0,2,1,0,0,0,0,0,0,0,0,0,0,0,0,0,0,0,1,1,0,0,0,0,1.0
335,NE,2012,2,1,0,0,0,0,0,0,0,0,0,0,0,0,0,0,0,0,0,0,0,0,1,0,0,0,2.0
336,NE,2013,2,2,0,0,0,0,0,0,0,1,0,0,0,0,0,0,0,0,0,1,0,0,0,0,0,0,2.0
337,NE,2014,2,4,0,0,0,0,0,0,0,0,0,0,1,0,0,0,0,0,1,0,2,1,0,0,0,0,2.0
338,NE,2015,0,6,0,0,0,0,0,0,0,0,0,0,0,0,0,0,0,0,0,0,0,1,0,0,0,0,0.0
339,NE,2016,0,1,0,2,0,0,0,0,0,0,0,0,0,0,0,0,0,0,0,0,1,1,0,0,0,0,0.0
340,NE,2017,0,4,0,1,0,0,0,0,0,0,0,0,0,0,0,1,0,0,1,0,0,4,0,0,0,1,0.0
341,ND,1991,0,1,0,1,0,0,0,0,0,0,0,0,0,0,0,0,0,0,0,0,0,0,0,0,0,0,0.0
342,ND,1992,2,0,0,0,1,0,0,0,0,0,0,0,0,0,0,0,0,0,0,1,1,0,0,0,0,2,2.0
343,ND,1993,0,2,0,0,0,0,0,0,0,0,2,0,0,0,0,0,0,0,0,1,0,2,0,0,0,2,0.0
344,ND,1995,0,0,0,0,0,0,0,0,0,0,0,0,0,0,0,0,0,0,0,0,0,1,0,0,0,6,0.0
345,ND,1996,4,5,0,1,0,0,0,0,0,0,0,0,0,0,0,0,0,0,0,0,0,3,0,0,0,0,4.0
346,ND,1997,1,2,0,0,0,0,0,0,0,0,1,0,0,0,0,0,0,0,0,0,1,0,0,0,0,0,1.0
347,ND,1998,0,2,0,2,0,0,0,0,0,0,0,0,0,0,0,0,0,0,0,0,1,1,0,0,0,0,0.0
348,ND,1999,2,1,0,1,0,0,0,0,0,0,1,0,0,0,0,0,0,0,0,2,0,0,0,1,0,0,2.0
349,ND,2000,0,1,0,2,0,0,0,0,0,0,0,0,0,0,0,0,0,0,0,0,0,0,0,0,0,0,0.0
350,ND,2001,0,1,0,1,2,0,0,0,0,0,0,0,0,0,0,0,0,0,2,1,0,0,0,0,0,0,0.0
351,ND,2002,0,1,0,0,0,0,0,0,0,0,0,0,0,0,0,0,0,0,1,0,0,0,0,0,0,0,0.0
352,ND,2003,0,4,0,1,0,0,0,0,0,0,0,0,0,0,0,0,0,0,0,0,0,1,0,0,0,0,0.0
353,ND,2004,0,1,0,1,1,0,0,0,0,1,0,0,0,0,0,0,0,0,0,0,1,1,1,0,0,0,0.0
354,ND,2005,0,4,0,2,3,0,0,0,0,0,0,0,0,0,0,0,0,1,0,0,0,0,0,0,0,2,0.0
355,ND,2006,0,0,0,0,1,0,0,0,0,0,1,0,0,0,0,1,0,0,0,1,0,1,0,0,0,1,0.0
356,ND,2007,5,5,0,1,2,1,0,0,0,0,0,0,0,0,0,0,1,0,0,0,1,0,0,0,0,2,5.0
357,ND,2008,0,0,1,0,0,0,0,0,0,0,0,0,0,0,0,0,0,0,4,0,0,0,0,0,0,0,0.0
358,ND,2009,0,1,0,1,2,0,0,0,0,0,0,0,0,0,0,0,0,1,1,0,0,3,0,0,0,2,0.0
359,ND,2010,0,1,0,1,0,0,0,0,0,1,1,0,0,0,0,0,0,0,2,0,1,1,0,0,0,0,0.0
360,ND,2011,6,2,0,1,1,1,0,0,0,0,1,0,0,0,0,0,0,0,1,1,0,1,0,0,0,0,6.0
361,ND,2012,0,2,0,1,1,0,0,0,0,0,2,0,0,0,0,0,0,0,4,1,0,1,0,0,0,6,0.0
362,ND,2013,11,0,0,1,1,0,0,0,0,0,2,0,0,0,0,0,0,0,3,1,0,1,0,0,0,0,11.0
363,ND,2014,7,11,0,2,1,0,0,0,0,0,2,0,0,0,0,1,0,1,1,0,0,1,0,0,0,1,7.0
364,ND,2015,4,5,0,1,2,0,0,0,0,1,0,0,0,0,0,0,0,0,0,0,1,1,0,0,0,7,4.0
365,ND,2016,0,13,0,1,0,0,0,0,0,1,1,0,0,0,0,0,0,0,2,0,1,0,0,0,0,0,0.0
366,ND,2017,2,3,0,3,0,0,0,0,0,0,0,0,0,0,0,0,2,0,4,0,0,0,0,0,0,2,2.0
367,NH,2003,1,0,0,1,0,0,0,0,0,1,1,0,0,0,0,0,0,0,2,0,0,0,0,0,0,2,1.0
368,NH,2004,0,1,0,2,0,0,0,0,0,2,0,0,0,0,0,1,0,0,1,1,0,0,0,0,0,1,0.0
369,NH,2005,1,2,0,2,2,0,0,0,0,0,2,0,0,0,0,0,0,0,0,2,0,1,0,0,0,0,1.0
370,NH,2006,0,1,0,2,1,0,0,1,0,0,0,0,0,1,0,0,0,0,2,0,0,0,0,0,0,0,0.0
371,NH,2007,0,0,0,2,0,0,0,0,0,0,1,0,0,0,0,0,0,0,0,1,0,0,0,0,0,8,0.0
372,NH,2008,2,5,0,1,0,0,1,0,0,0,0,0,1,0,1,0,0,0,5,0,0,2,0,0,0,1,2.0
373,NH,2009,2,1,0,0,1,0,0,0,0,0,0,0,0,0,0,0,0,0,1,0,0,3,0,0,0,4,2.0
374,NH,2010,1,7,0,2,1,0,1,0,0,0,1,0,0,0,0,0,1,1,0,0,1,2,0,0,0,0,1.0
375,NH,2011,4,2,0,1,2,0,0,0,0,0,1,0,0,0,0,0,0,0,2,1,1,1,0,0,0,5,4.0
376,NH,2012,3,2,0,1,0,0,0,0,0,0,0,0,0,0,0,1,0,0,3,2,0,2,0,0,0,0,3.0
377,NH,2013,1,5,0,0,3,0,0,0,0,1,0,0,0,0,0,2,0,1,0,1,2,2,0,0,0,2,1.0
378,NH,2014,1,0,0,3,1,0,0,0,0,0,1,0,0,0,0,0,0,0,2,3,0,2,0,0,0,1,1.0
379,NH,2015,4,3,0,1,3,0,0,0,0,0,0,0,0,0,0,0,0,0,4,0,0,1,0,0,0,2,4.0
380,NH,2016,4,1,0,2,3,0,0,0,0,0,5,0,0,1,0,0,0,0,1,1,0,0,0,0,0,3,4.0
381,NH,2017,0,4,0,1,0,1,0,0,0,0,3,0,0,1,0,1,0,0,1,1,0,0,0,0,0,0,0.0
382,OH,1998,11,6,0,0,1,0,0,0,0,0,1,0,0,2,0,0,0,2,0,0,1,2,0,0,0,8,11.0
383,OH,1999,18,8,0,2,3,0,2,0,0,0,1,0,0,0,3,2,0,2,3,0,0,4,1,1,0,13,18.0
384,OH,2000,4,8,0,6,2,0,0,0,0,0,0,0,1,0,0,0,0,0,0,0,0,4,0,1,1,10,4.0
385,OH,2001,50,19,0,0,5,1,0,0,0,0,1,1,0,0,0,0,0,3,5,2,1,2,1,0,0,14,50.0
386,OH,2002,85,23,1,8,4,0,0,0,0,0,1,0,0,1,0,2,1,1,5,3,2,7,0,1,1,12,85.0
387,OH,2003,73,35,0,7,8,1,0,1,0,0,2,0,0,1,1,1,1,1,11,6,2,3,1,0,0,12,73.0
388,OH,2004,232,42,1,13,7,0,4,0,0,0,4,0,0,0,1,3,4,4,10,10,4,9,0,0,0,22,232.0
389,OH,2005,285,73,2,22,10,2,1,0,0,2,4,0,0,2,2,2,0,5,26,4,5,11,0,2,0,36,285.0
390,OH,2006,287,50,1,15,10,1,1,0,0,0,5,2,0,1,0,1,0,6,25,4,0,8,1,4,0,28,287.0
391,OH,2007,267,72,1,11,16,3,2,0,0,2,3,0,0,0,0,3,3,9,35,6,6,10,1,1,0,52,267.0
392,OH,2008,284,56,0,12,12,1,0,0,0,2,5,2,0,0,1,4,1,11,21,6,3,11,1,0,0,41,284.0
393,OH,2009,290,69,0,16,16,1,0,0,0,2,4,0,0,0,2,4,4,14,40,6,2,16,1,0,0,45,290.0
394,OH,2010,271,68,0,14,16,2,0,0,0,0,8,2,2,0,2,1,4,5,14,2,7,17,2,0,0,51,271.0
395,OH,2011,309,68,2,16,7,1,2,0,0,0,8,0,1,0,3,4,2,4,26,6,2,12,1,1,0,33,309.0
396,OH,2012,262,79,1,21,9,3,3,0,0,3,10,0,1,1,0,3,2,6,36,6,3,15,2,0,0,37,262.0
397,OH,2013,222,84,0,12,13,3,1,0,0,3,15,1,2,0,1,3,2,8,22,7,2,8,1,0,0,48,222.0
398,OH,2014,192,105,0,16,10,1,1,0,0,1,28,1,0,0,0,7,5,4,47,9,4,11,1,0,0,39,192.0
399,OH,2015,214,100,1,16,14,1,1,0,0,2,26,0,0,0,0,6,7,9,33,9,4,13,2,0,1,45,214.0
400,OH,2016,321,103,1,24,9,1,0,0,1,1,26,1,3,3,0,4,2,7,73,5,4,14,3,0,0,38,321.0
401,OH,2017,375,98,1,25,11,0,4,2,0,0,22,0,1,0,1,0,8,10,53,7,5,16,0,3,0,40,375.0
402,OK,2008,0,10,0,1,0,0,0,0,0,0,2,0,0,0,0,0,0,0,2,0,1,0,1,0,0,2,0.0
403,OK,2009,0,8,0,0,0,0,0,0,0,0,1,0,0,0,0,0,0,0,0,0,0,0,0,0,0,3,0.0
404,OK,2010,1,7,0,2,1,2,0,0,0,1,0,0,0,0,0,1,0,0,1,1,1,2,1,0,0,0,1.0
405,OK,2011,8,2,0,3,1,0,1,0,0,0,2,0,0,0,0,0,0,2,7,0,0,4,0,0,0,0,8.0
406,OK,2012,2,7,0,1,0,0,0,1,0,1,3,0,1,0,0,0,0,0,2,0,0,0,0,0,0,1,2.0
407,OK,2013,8,5,0,3,2,1,0,0,0,0,1,1,0,0,2,0,0,1,5,2,1,3,0,1,1,5,8.0
408,OK,2014,9,10,0,3,4,0,0,0,0,0,2,0,0,0,0,0,0,5,3,2,1,3,0,0,0,1,9.0
409,OK,2015,11,22,0,4,5,1,1,0,0,0,0,0,0,0,2,0,0,1,10,1,2,4,2,0,0,4,11.0
410,OK,2016,15,10,1,3,2,0,1,0,0,1,4,0,0,0,2,2,0,2,14,4,0,5,0,0,0,4,15.0
411,OK,2017,15,18,0,3,2,1,1,0,0,1,14,0,0,0,1,0,0,2,9,0,1,4,0,1,0,2,15.0
412,OR,2003,0,0,0,0,0,0,0,0,0,0,0,0,0,0,0,0,0,0,1,0,0,1,0,0,0,1,0.0
413,OR,2004,0,16,0,1,1,0,0,0,0,0,1,0,0,0,0,1,0,1,1,0,0,1,0,0,0,0,0.0
414,OR,2005,2,4,0,1,3,1,0,0,0,0,0,0,0,0,0,0,0,0,2,1,0,3,0,0,0,3,2.0
415,OR,2006,2,12,0,0,2,2,0,0,0,0,0,0,0,0,0,0,0,1,1,0,0,4,0,0,0,3,2.0
416,OR,2007,4,6,0,0,3,2,0,0,0,0,2,0,0,0,0,0,0,0,3,1,0,2,0,0,0,5,4.0
417,OR,2008,5,16,1,0,1,0,0,0,0,0,1,0,0,0,0,0,0,1,0,1,0,0,0,0,0,8,5.0
418,OR,2009,1,22,0,0,1,0,1,0,0,0,3,0,0,0,0,0,0,1,8,2,0,1,0,0,0,2,1.0
419,OR,2010,8,4,0,5,3,1,0,0,0,0,2,0,0,0,0,0,0,0,5,2,1,3,0,0,0,2,8.0
420,OR,2011,2,10,0,3,6,1,0,0,0,0,2,0,0,0,1,1,0,1,2,0,1,5,1,0,0,4,2.0
421,OR,2012,2,3,0,1,5,0,0,0,1,0,2,0,0,0,0,0,0,0,2,1,0,3,0,0,0,3,2.0
422,OR,2013,2,17,0,4,0,0,0,0,0,0,2,0,0,0,0,0,0,0,2,0,0,1,0,0,0,7,2.0
423,OR,2014,5,10,0,2,4,0,0,0,0,2,0,0,0,0,0,0,0,0,5,1,1,2,1,0,0,4,5.0
424,OR,2015,35,13,0,4,7,0,0,0,0,0,2,0,1,0,0,0,1,1,10,4,0,7,1,2,0,16,35.0
425,OR,2016,32,19,1,8,2,1,0,0,0,2,5,0,0,0,1,1,0,0,9,1,2,5,0,0,0,11,32.0
426,OR,2017,40,20,0,4,4,0,0,0,0,2,4,0,1,1,0,2,1,3,5,5,2,7,0,0,0,15,40.0
427,PA,2013,0,0,0,2,0,0,0,0,0,0,0,0,1,0,0,0,0,0,0,0,0,0,0,0,0,1,0.0
428,PA,2014,0,1,0,0,0,0,0,0,0,0,0,0,0,0,0,0,0,0,0,0,0,0,0,0,0,0,0.0
429,PA,2015,0,1,0,0,0,0,0,0,0,0,0,0,0,0,0,0,0,0,0,0,0,0,0,0,0,0,0.0
430,PA,2016,1,2,0,0,2,0,0,0,0,0,0,0,0,0,0,1,0,0,0,0,0,0,0,0,0,5,1.0
431,PA,2017,1,0,0,0,0,0,0,0,0,0,0,0,0,0,0,0,0,0,0,0,0,0,0,0,0,1,1.0
432,RI,2004,2,1,0,0,0,0,0,0,0,0,0,0,0,0,0,0,0,2,2,1,0,0,0,0,0,0,2.0
433,RI,2005,1,1,0,2,0,0,0,0,0,0,0,0,0,0,0,0,0,0,4,1,0,1,0,0,0,1,1.0
434,RI,2006,0,4,0,2,1,0,0,0,0,0,1,1,0,0,0,1,1,0,0,0,0,0,0,0,0,3,0.0
435,RI,2007,7,2,0,1,0,0,0,0,0,0,1,0,0,0,0,0,0,0,1,0,0,0,0,0,0,9,7.0
436,RI,2008,4,3,0,3,0,0,0,0,0,0,2,0,0,0,0,1,0,0,0,4,0,1,0,0,0,9,4.0
437,RI,2009,0,7,0,3,1,0,0,0,0,0,0,0,0,0,0,0,0,0,2,1,0,0,0,0,0,6,0.0
438,RI,2010,2,2,0,2,0,0,0,0,0,2,2,0,0,0,0,0,0,0,2,3,0,3,0,0,0,9,2.0
439,RI,2011,10,5,0,1,0,0,0,0,0,0,0,0,0,0,0,0,0,0,1,1,0,2,0,0,0,0,10.0
440,RI,2012,16,5,0,3,0,0,0,0,0,0,2,0,0,0,0,0,0,0,7,0,0,1,0,0,0,1,16.0
441,RI,2013,8,2,0,2,1,0,0,0,0,0,3,0,0,0,0,0,0,0,3,3,0,2,0,0,0,2,8.0
442,RI,2014,19,4,0,0,0,0,0,0,0,0,0,0,0,0,0,0,0,0,1,0,0,1,0,0,0,4,19.0
443,RI,2015,6,5,0,4,1,1,0,0,0,0,4,0,0,1,0,1,0,0,5,0,0,1,0,0,0,3,6.0
444,RI,2016,8,2,0,1,2,0,0,0,0,0,4,0,0,0,0,3,0,1,2,0,0,3,0,0,0,9,8.0
445,RI,2017,7,5,0,1,2,0,0,0,0,0,3,0,1,0,0,0,0,0,0,0,0,0,0,0,0,0,7.0
446,SC,1991,45,214,0,33,11,0,7,0,2,2,16,0,0,1,3,4,0,18,20,11,8,23,1,2,1,110,45.0
447,SC,1992,68,175,0,20,14,1,9,0,0,1,27,0,0,1,6,5,6,10,5,7,8,33,2,0,0,155,68.0
448,SC,1993,58,192,4,37,10,2,10,0,0,3,38,0,2,4,3,6,15,11,12,12,7,34,2,4,1,122,58.0
449,SC,1995,56,127,0,15,6,3,7,0,0,1,11,2,0,3,3,0,11,11,4,3,5,23,0,0,0,85,56.0
450,SC,1996,80,177,0,27,19,1,11,0,0,1,18,0,1,1,2,1,10,6,5,10,4,27,0,1,0,119,80.0
451,SC,1997,94,155,1,19,9,0,8,0,1,0,19,1,1,6,3,2,4,7,22,8,4,18,2,1,1,134,94.0
452,SC,1998,85,155,0,21,11,3,18,0,1,4,18,1,1,2,4,4,14,16,2,6,7,22,2,4,0,102,85.0
453,SC,1999,110,147,0,25,9,3,5,0,2,3,25,0,0,0,4,1,13,9,6,3,4,15,2,1,0,87,110.0
454,SC,2000,95,150,0,32,19,1,6,0,0,1,4,0,1,0,3,0,5,6,10,4,6,10,1,2,0,123,95.0
455,SC,2001,104,167,0,31,17,6,5,0,0,1,6,0,2,0,1,3,6,7,10,4,6,27,2,2,0,91,104.0
456,SC,2002,120,148,1,13,15,2,6,2,0,1,10,1,0,1,1,0,1,9,11,4,2,22,3,1,0,94,120.0
457,SC,2003,62,168,0,19,17,2,9,0,0,1,11,1,0,1,2,1,2,8,17,5,2,18,2,3,0,123,62.0
458,SC,2004,52,155,0,19,10,0,7,1,1,2,11,3,0,1,3,3,4,14,17,4,4,19,0,2,0,88,52.0
459,SC,2005,67,159,1,17,10,0,6,0,0,1,23,0,2,1,6,6,1,8,13,4,7,21,0,3,0,134,67.0
460,SC,2006,136,153,0,29,14,3,7,0,0,3,12,1,1,1,7,0,4,8,28,6,3,17,5,2,1,132,136.0
461,SC,2007,154,183,4,21,7,1,2,0,2,1,6,0,0,3,1,10,4,6,59,6,1,14,2,1,0,134,154.0
462,SC,2008,87,130,0,16,11,0,6,0,0,0,18,1,2,2,1,3,4,10,31,4,7,18,1,2,2,91,87.0
463,SC,2009,122,157,0,20,10,1,0,0,0,0,7,0,0,0,4,2,3,15,50,3,2,17,5,3,0,80,122.0
464,SC,2010,60,154,0,19,8,2,3,0,0,2,9,2,0,0,1,3,1,5,26,6,4,16,0,2,0,81,60.0
465,SC,2011,97,174,1,27,6,1,2,0,0,4,17,0,2,0,5,5,4,15,45,7,7,21,1,4,0,74,97.0
466,SC,2012,143,178,0,26,6,2,0,0,0,1,11,0,1,2,1,0,4,9,26,3,6,18,1,1,0,78,143.0
467,SC,2013,136,141,0,30,12,2,2,0,0,0,4,1,3,0,1,3,0,7,43,9,3,11,0,2,0,68,136.0
468,SC,2014,134,142,0,22,17,2,2,0,0,0,6,2,2,1,2,3,2,5,24,8,3,20,1,2,0,41,134.0
469,SC,2015,191,170,3,28,16,3,2,1,2,2,8,0,1,0,0,2,6,12,49,5,6,16,1,2,0,45,191.0
470,SC,2016,134,148,2,20,8,3,3,0,2,1,8,0,0,0,1,1,3,10,56,9,5,14,3,1,0,76,134.0
471,SC,2017,211,160,0,21,15,0,2,0,0,2,12,1,4,0,2,4,2,14,66,11,6,24,2,0,1,63,211.0
472,SD,2000,0,1,0,0,0,0,0,0,0,0,0,0,0,0,0,0,0,0,0,0,0,1,0,0,0,1,0.0
473,SD,2001,0,0,0,0,1,0,1,0,0,0,0,0,0,0,0,1,0,0,0,0,0,1,0,0,0,0,0.0
474,SD,2002,1,3,0,1,0,0,0,0,0,0,0,0,0,0,0,0,0,0,0,0,0,0,0,0,0,0,1.0
475,SD,2003,0,1,0,1,1,0,0,0,0,0,1,0,0,0,0,0,0,0,0,0,0,0,0,0,0,0,0.0
476,SD,2004,0,4,0,1,0,1,0,0,0,0,2,0,0,0,0,0,0,0,0,0,0,0,0,0,0,3,0.0
477,SD,2005,1,3,0,1,2,0,0,0,0,0,0,0,0,0,0,1,0,0,0,0,0,1,0,0,0,0,1.0
478,SD,2006,3,1,0,1,0,0,0,0,0,0,0,0,0,0,1,0,0,0,0,0,0,2,0,0,0,0,3.0
479,SD,2007,3,1,0,1,3,1,0,0,0,0,0,0,1,0,0,0,0,0,0,3,0,2,0,0,0,0,3.0
480,SD,2008,5,9,0,1,2,0,0,0,0,0,0,0,0,0,0,1,0,1,0,2,1,2,0,0,0,2,5.0
481,SD,2009,6,4,0,4,0,0,0,0,0,0,3,0,0,0,0,0,0,0,0,0,0,2,0,0,0,0,6.0
482,SD,2010,7,3,0,1,0,0,0,0,0,0,4,0,0,0,0,0,0,1,0,0,0,2,1,0,0,0,7.0
483,SD,2011,3,6,0,3,1,0,0,0,0,0,0,0,0,0,0,1,0,1,0,0,0,0,0,0,0,2,3.0
484,SD,2012,0,3,0,2,1,0,0,0,0,0,4,0,0,0,0,0,0,1,1,1,0,0,0,0,0,0,0.0
485,SD,2013,5,5,0,1,0,1,0,0,0,0,0,0,0,0,0,0,0,1,0,0,0,0,0,0,0,0,5.0
486,SD,2014,1,5,0,3,2,0,0,0,0,0,1,0,0,0,0,0,0,0,1,0,0,2,0,0,0,2,1.0
487,SD,2015,4,7,0,4,5,3,0,0,1,1,1,0,0,0,0,0,0,1,0,0,1,2,0,0,0,0,4.0
488,SD,2016,3,5,0,4,0,0,0,0,0,0,4,0,0,0,0,0,0,2,2,1,0,2,1,0,0,1,3.0
489,SD,2017,4,8,0,0,1,0,0,0,0,0,0,0,0,0,0,0,1,1,2,0,0,3,0,0,0,3,4.0
490,TN,1997,11,3,0,0,0,0,0,0,0,0,0,0,0,0,0,0,0,0,1,0,0,2,1,0,0,0,11.0
491,TN,1998,21,37,0,5,5,0,0,0,0,1,14,0,0,1,0,1,2,1,8,3,2,6,0,0,0,13,21.0
492,TN,1999,41,47,0,8,3,1,1,0,0,2,14,0,0,0,1,1,0,4,10,4,2,14,1,2,0,15,41.0
493,TN,2000,116,68,1,18,7,2,1,0,0,2,9,0,0,2,1,3,2,5,27,9,5,22,3,1,1,64,116.0
494,TN,2001,134,93,1,27,16,1,1,2,4,2,19,0,2,0,5,6,2,2,49,3,2,21,1,2,0,84,134.0
495,TN,2002,122,131,0,32,11,2,0,0,1,1,38,0,1,2,1,7,1,9,27,9,4,25,4,0,0,131,122.0
496,TN,2003,97,114,0,27,18,0,1,0,2,1,18,0,2,0,5,1,0,8,30,3,5,22,3,0,1,111,97.0
497,TN,2004,106,106,0,20,13,2,0,0,1,3,16,0,3,4,0,5,0,8,21,10,10,10,1,0,1,107,106.0
498,TN,2005,147,156,1,40,19,2,0,0,0,4,14,0,1,1,1,6,2,3,23,7,6,23,2,1,0,120,147.0
499,TN,2006,118,161,0,22,13,1,0,0,0,0,20,1,2,1,1,6,1,6,34,5,2,25,2,1,0,123,118.0
500,TN,2007,96,142,1,24,12,4,0,0,0,4,13,0,0,0,4,2,1,9,31,8,5,17,1,1,0,157,96.0
501,TN,2008,116,162,2,19,16,3,1,1,0,1,22,0,2,0,4,4,0,5,30,10,8,24,4,1,1,93,116.0
502,TN,2009,198,162,2,24,17,2,0,0,0,1,16,0,0,0,4,6,2,8,43,13,9,28,5,2,0,109,198.0
503,TN,2010,116,128,0,29,7,6,1,0,0,1,13,0,2,0,2,2,0,9,15,8,8,20,0,3,0,86,116.0
504,TN,2011,124,135,0,29,16,2,0,0,1,0,9,2,2,1,4,3,1,16,22,6,6,17,2,4,0,92,124.0
505,TN,2012,149,122,1,26,18,2,0,1,0,1,19,0,0,0,3,11,1,7,41,8,6,20,2,1,0,93,149.0
506,TN,2013,107,141,2,19,16,4,0,0,0,1,9,2,0,0,2,3,1,4,20,6,8,31,0,2,0,54,107.0
507,TN,2014,122,122,1,16,17,5,0,0,0,0,14,0,0,3,3,5,2,11,26,8,3,24,1,0,0,93,122.0
508,TN,2015,149,157,1,37,13,3,0,0,1,2,26,0,1,4,2,3,2,13,16,5,5,16,1,3,0,89,149.0
509,TN,2016,211,131,2,28,9,2,1,0,0,1,24,0,1,3,2,6,1,13,38,7,3,24,1,0,0,135,211.0
510,TN,2017,239,163,0,30,13,2,0,0,0,1,22,0,1,0,1,13,2,5,58,6,1,24,0,0,1,139,239.0
511,TX,1997,10,19,0,4,0,0,0,1,0,0,3,0,0,0,0,0,0,0,0,0,2,1,0,0,0,16,10.0
512,TX,1998,16,24,0,3,1,0,1,0,0,0,1,0,0,0,0,0,0,0,1,1,0,3,0,0,0,17,16.0
513,TX,1999,20,15,0,4,2,0,0,1,0,1,0,0,0,0,0,0,0,0,3,2,1,1,0,0,0,11,20.0
514,TX,2000,19,17,0,3,1,1,2,0,0,0,1,0,0,0,0,1,2,3,1,0,2,6,0,0,0,24,19.0
515,TX,2001,22,29,0,4,4,0,1,0,1,2,9,0,0,0,1,0,0,3,1,1,1,4,0,0,0,23,22.0
516,TX,2002,22,14,1,8,2,0,2,0,0,0,1,0,0,0,0,0,0,2,5,2,1,9,0,0,0,24,22.0
517,TX,2003,16,18,0,10,3,0,0,0,1,0,5,0,0,0,0,3,0,3,4,1,0,8,1,1,0,22,16.0
518,TX,2004,13,28,1,6,4,0,2,0,0,0,1,0,0,0,0,1,0,1,4,0,0,4,0,0,0,21,13.0
519,TX,2005,30,30,1,6,4,0,2,0,0,1,2,0,2,0,0,1,1,4,9,3,2,8,1,0,0,13,30.0
520,TX,2006,95,44,0,3,9,0,5,0,0,1,2,0,0,0,1,0,1,5,2,1,1,8,4,0,0,14,95.0
521,TX,2007,82,41,0,10,11,3,0,0,0,2,3,0,1,0,0,2,0,3,5,1,2,9,3,0,0,10,82.0
522,TX,2008,91,47,0,3,6,3,1,0,0,2,7,0,0,1,0,1,2,2,3,1,1,12,0,0,0,17,91.0
523,TX,2009,65,43,0,4,8,1,1,0,0,1,2,0,2,0,0,0,0,5,7,3,0,11,3,0,0,11,65.0
524,TX,2010,86,27,1,6,6,1,1,0,0,0,0,1,1,1,0,2,1,4,4,4,3,14,2,0,0,22,86.0
525,TX,2011,115,24,0,5,8,0,1,0,0,1,8,0,0,0,2,2,0,1,2,1,3,5,0,2,0,9,115.0
526,TX,2012,51,36,0,5,7,1,0,0,0,2,5,0,0,0,1,1,1,6,2,1,2,5,2,1,0,8,51.0
527,TX,2013,79,38,0,2,4,1,1,0,0,1,6,0,0,1,1,3,2,2,3,1,3,8,1,0,0,11,79.0
528,TX,2014,87,25,1,6,4,0,2,1,1,3,5,0,0,0,2,0,0,5,7,3,0,9,0,1,0,14,87.0
529,TX,2015,95,31,0,8,9,1,2,0,0,2,0,0,0,0,0,0,1,1,5,1,2,12,0,0,0,14,95.0
530,TX,2016,104,41,0,8,12,0,1,0,0,0,4,0,1,0,4,2,1,5,2,8,3,10,0,0,0,15,104.0
531,TX,2017,147,59,2,6,7,1,0,0,0,5,7,1,1,1,2,1,1,2,7,5,1,14,1,1,0,19,147.0
532,UT,1993,1,2,0,2,0,2,1,0,0,0,3,0,0,0,0,0,0,0,1,0,0,1,0,0,0,0,1.0
533,UT,1995,12,9,0,1,2,0,0,0,0,2,2,0,0,0,2,0,0,1,4,0,1,1,0,0,0,11,12.0
534,UT,1996,12,2,0,2,1,0,1,0,0,0,0,0,0,1,0,1,0,0,2,0,0,3,0,0,0,2,12.0
535,UT,1997,14,4,0,0,1,0,0,0,0,0,2,0,0,0,0,0,0,0,4,0,0,1,0,0,0,0,14.0
536,UT,1998,7,7,0,4,2,1,2,1,0,1,1,0,0,0,0,0,0,2,4,0,0,4,0,0,0,2,7.0
537,UT,1999,11,10,0,3,3,1,2,0,0,0,0,0,0,0,0,1,0,0,8,0,0,2,0,1,0,1,11.0
538,UT,2000,7,2,0,1,2,0,0,0,0,0,5,0,0,0,0,0,0,0,10,1,0,1,1,0,0,9,7.0
539,UT,2001,25,11,0,3,3,0,1,0,3,1,2,0,0,0,0,2,0,1,4,1,0,7,0,0,0,11,25.0
540,UT,2002,18,6,1,1,1,0,1,0,0,0,1,0,0,0,2,0,0,1,7,0,1,5,0,0,0,3,18.0
541,UT,2003,62,9,0,1,4,1,0,0,0,0,0,0,0,0,0,0,0,1,2,0,0,6,0,0,0,5,62.0
542,UT,2004,22,13,0,2,6,0,0,0,0,0,0,0,0,0,0,0,0,1,3,1,1,7,1,0,0,4,22.0
543,UT,2005,17,19,0,3,7,2,0,0,0,3,0,0,0,0,0,0,0,0,14,1,2,3,0,0,0,5,17.0
544,UT,2006,25,15,1,3,4,1,0,1,0,0,2,0,0,0,0,0,2,1,3,2,0,3,1,0,0,3,25.0
545,UT,2007,17,23,0,4,6,1,0,0,0,0,0,0,0,0,0,0,0,0,8,0,1,2,1,0,0,10,17.0
546,UT,2008,20,1,0,5,4,2,0,0,0,0,1,0,0,0,0,0,0,1,4,0,0,3,0,0,0,13,20.0
547,UT,2009,7,6,0,4,2,0,0,0,0,0,3,0,0,0,0,3,0,1,9,0,1,4,0,0,0,1,7.0
548,UT,2010,10,9,0,4,7,1,0,0,0,0,0,0,0,0,2,0,0,3,15,4,1,1,1,0,0,5,10.0
549,UT,2011,25,7,1,4,2,0,0,0,0,1,1,0,0,0,0,0,0,1,15,1,0,5,2,0,0,1,25.0
550,UT,2012,33,5,0,5,6,0,0,0,0,0,1,0,1,0,0,1,0,2,2,0,1,2,1,1,0,6,33.0
551,UT,2013,19,20,0,3,0,2,0,0,0,0,3,0,0,0,1,1,0,2,1,0,2,4,1,0,0,6,19.0
552,UT,2014,22,8,0,2,12,1,0,0,0,0,0,0,0,1,1,2,0,1,3,2,0,4,0,0,0,14,22.0
553,UT,2015,21,13,0,0,4,3,1,0,0,0,3,0,0,0,0,0,0,1,8,0,0,3,1,0,0,6,21.0
554,UT,2016,35,8,0,2,2,0,0,0,0,1,7,0,0,2,0,0,0,0,17,5,0,2,0,0,0,14,35.0
555,UT,2017,38,14,0,6,7,1,0,0,0,1,4,0,0,1,0,0,0,1,3,5,0,4,0,0,0,12,38.0
556,VA,1995,2,7,0,3,1,0,0,0,0,0,1,0,0,0,0,1,0,1,0,0,1,4,0,0,0,4,2.0
557,VA,1996,8,19,0,4,1,1,0,0,0,0,2,0,0,0,1,1,0,0,2,0,2,7,0,0,0,1,8.0
558,VA,1997,16,20,1,10,5,1,2,0,0,0,6,0,0,0,0,0,0,1,4,2,0,7,1,1,0,11,16.0
559,VA,1998,22,30,0,12,3,0,1,1,0,0,11,0,0,0,2,2,0,5,7,1,3,16,0,0,0,13,22.0
560,VA,1999,67,52,2,14,10,1,1,2,0,1,11,0,2,2,4,1,1,2,8,5,3,18,1,0,0,18,67.0
561,VA,2000,237,102,1,20,13,2,1,1,0,6,11,1,0,2,1,6,0,10,23,8,7,20,0,3,0,34,237.0
562,VA,2001,242,71,2,21,21,0,3,0,0,2,12,0,2,0,1,4,3,7,23,3,1,33,2,0,0,47,242.0
563,VA,2002,253,41,0,14,16,3,1,0,0,3,21,0,1,1,2,6,0,6,38,6,4,21,1,2,1,47,253.0
564,VA,2003,299,61,1,25,13,3,0,0,0,3,18,0,0,0,4,1,1,8,23,4,1,22,1,0,1,46,299.0
565,VA,2004,241,70,0,16,7,2,0,0,1,2,17,0,3,0,0,4,2,4,29,4,4,22,1,0,0,39,241.0
566,VA,2005,289,88,0,24,22,1,0,0,1,2,12,1,1,1,3,0,0,10,34,10,2,19,1,1,1,60,289.0
567,VA,2006,276,62,2,22,17,1,0,0,1,1,7,0,3,3,5,3,3,8,26,8,3,18,0,1,0,65,276.0
568,VA,2007,292,54,0,17,10,0,1,1,0,3,13,2,0,3,3,6,0,7,19,2,8,20,2,1,0,77,292.0
569,VA,2008,200,111,0,27,17,1,0,0,0,2,10,0,2,0,2,3,1,4,37,7,5,18,1,2,0,68,200.0
570,VA,2009,191,66,1,23,17,2,1,0,2,0,11,0,0,0,1,4,0,6,41,2,3,29,2,1,0,60,191.0
571,VA,2010,190,69,2,30,18,4,3,0,1,2,13,1,0,1,2,0,3,9,17,10,5,28,2,0,0,56,190.0
572,VA,2011,128,67,0,15,15,5,1,0,0,2,20,3,2,0,1,7,1,8,26,8,1,22,2,1,3,53,128.0
573,VA,2012,206,51,2,13,14,1,1,0,0,1,11,0,0,3,3,1,0,7,27,9,7,9,1,2,0,46,206.0
574,VA,2013,175,83,1,16,22,2,0,0,0,2,13,1,2,0,3,2,1,8,28,9,3,19,2,0,0,34,175.0
575,VA,2014,222,59,1,18,25,1,3,0,0,1,0,2,1,1,1,1,0,12,31,11,3,22,2,1,0,39,222.0
576,VA,2015,220,69,1,24,12,1,2,0,0,0,13,0,0,2,2,1,1,3,18,7,3,23,2,0,1,47,220.0
577,VA,2016,229,98,3,25,21,5,1,0,0,4,10,0,1,2,1,2,0,6,61,11,5,16,0,2,0,60,229.0
578,VA,2017,223,101,1,29,15,1,0,2,2,1,27,0,1,0,1,0,3,6,41,12,6,22,4,1,0,61,223.0
579,VT,1995,6,2,0,0,0,0,0,0,0,0,0,0,0,0,0,0,0,0,0,0,0,0,0,0,0,0,6.0
580,VT,1996,4,0,0,0,0,0,0,0,0,0,0,0,0,0,0,0,0,0,0,0,0,1,0,1,0,0,4.0
581,VT,1997,0,0,0,1,0,0,0,0,0,1,0,0,0,0,0,0,0,0,1,0,0,0,0,0,0,0,0.0
582,VT,1998,1,3,0,1,0,0,1,0,0,0,0,0,0,0,0,0,0,0,0,0,0,0,0,0,0,0,1.0
583,VT,1999,0,5,0,0,0,0,0,0,0,0,1,0,0,0,0,0,0,0,1,0,0,3,0,0,0,0,0.0
584,VT,2000,0,5,0,1,0,0,0,0,0,0,0,0,0,0,0,0,0,1,0,1,0,1,0,0,0,0,0.0
585,VT,2001,0,5,0,0,0,0,0,0,0,0,0,0,0,0,0,0,0,0,1,1,0,0,0,0,0,0,0.0
586,VT,2002,4,2,0,0,0,0,0,0,0,0,0,0,0,0,0,0,0,0,0,0,0,1,0,0,0,16,4.0
587,VT,2003,1,7,0,1,0,0,0,0,0,0,0,0,0,0,0,0,0,1,2,1,1,0,0,0,0,7,1.0
588,VT,2004,4,5,0,1,2,0,0,0,0,2,0,0,0,0,0,2,0,0,0,0,0,2,0,0,0,2,4.0
589,VT,2005,0,2,0,0,0,0,0,0,0,0,0,0,0,0,0,0,0,0,5,0,0,0,0,0,0,4,0.0
590,VT,2006,0,13,0,2,1,0,0,0,0,0,2,0,0,0,0,0,0,0,1,0,0,1,0,0,0,2,0.0
591,VT,2007,0,7,0,1,2,0,0,0,0,0,1,0,0,0,0,0,0,0,0,1,0,1,0,0,0,0,0.0
592,VT,2008,1,5,0,3,4,0,0,0,0,0,0,0,0,0,0,0,0,1,1,2,0,1,0,0,0,1,1.0
593,VT,2009,2,1,0,0,1,0,0,0,0,0,0,0,0,0,0,0,0,1,0,0,0,1,0,0,0,0,2.0
594,VT,2010,2,1,0,1,0,0,1,0,0,0,0,1,0,0,0,0,0,0,0,1,0,1,0,0,0,0,2.0
595,VT,2011,0,5,0,1,0,0,0,0,1,0,0,0,0,1,0,0,0,0,0,0,0,1,0,0,0,1,0.0
596,VT,2012,0,5,0,1,0,0,0,0,0,0,0,0,0,0,0,0,0,0,2,2,0,0,0,1,0,0,0.0
597,VT,2013,0,2,0,1,1,1,0,0,0,0,0,0,0,0,0,0,0,0,1,0,0,2,0,0,0,1,0.0
598,VT,2014,0,3,0,3,0,1,0,0,0,0,0,0,0,0,0,0,0,0,0,0,0,1,1,1,0,0,0.0
599,VT,2016,0,1,0,1,0,0,0,0,0,0,0,0,0,0,0,1,0,0,3,0,0,2,0,0,0,5,0.0
600,VT,2017,3,2,0,3,0,0,1,0,0,0,0,0,0,0,0,0,0,0,3,0,0,1,0,0,0,0,3.0
601,WA,2007,28,2,0,1,3,0,0,0,0,0,2,0,0,0,1,0,0,0,2,0,0,2,0,0,0,0,28.0
602,WA,2008,47,3,0,0,3,3,0,0,0,0,1,0,0,0,0,0,0,0,8,0,1,1,1,0,0,4,47.0
603,WA,2009,66,6,0,1,6,1,1,0,0,0,0,0,0,0,0,0,0,0,2,3,0,1,1,0,0,4,66.0
604,WA,2010,27,21,0,3,2,0,0,0,0,0,5,0,0,0,1,1,0,3,2,3,0,3,0,0,0,11,27.0
605,WA,2011,20,24,1,5,7,1,2,0,0,2,3,0,2,1,1,1,1,1,4,5,2,2,0,0,0,3,20.0
606,WA,2012,64,55,0,11,6,4,1,0,0,1,7,0,1,0,2,1,2,8,16,4,0,11,0,0,0,34,64.0
607,WA,2013,41,46,1,9,5,1,0,0,0,0,5,0,1,1,1,3,1,3,22,4,1,7,0,0,0,33,41.0
608,WA,2014,59,33,0,8,9,0,0,3,0,1,14,1,0,0,1,1,0,3,40,5,1,10,1,1,0,18,59.0
609,WA,2015,64,45,0,11,7,3,2,0,1,0,10,0,2,0,1,1,0,1,32,1,2,13,0,0,1,38,64.0
610,WA,2016,75,34,0,12,6,1,0,0,0,0,11,0,2,2,0,6,1,1,32,5,1,8,2,1,0,37,75.0
611,WA,2017,84,56,1,17,2,2,0,0,0,1,8,0,1,0,0,1,0,5,25,14,4,12,0,1,0,36,84.0
612,WI,2005,201,37,2,6,2,0,0,0,0,0,6,0,0,0,1,4,0,2,7,0,2,0,0,0,0,3,201.0
613,WI,2006,156,18,0,1,2,0,0,0,0,0,2,0,1,0,0,0,0,1,6,0,0,1,0,0,0,49,156.0
614,WI,2007,87,18,0,6,1,0,0,0,0,0,2,0,1,0,0,7,0,0,7,0,0,1,0,0,0,120,87.0
615,WI,2008,18,14,2,4,6,1,0,0,0,1,6,0,0,0,0,0,0,1,8,0,1,2,0,0,0,109,18.0
616,WI,2009,39,17,0,4,8,1,1,0,1,1,5,0,0,0,0,0,0,2,7,1,0,3,0,0,0,71,39.0
617,WI,2010,87,43,0,7,3,1,0,0,0,0,7,0,0,1,1,0,0,1,17,6,0,1,2,0,0,56,87.0
618,WI,2011,63,32,1,8,10,2,0,0,0,0,7,2,0,0,0,0,0,0,5,2,1,1,0,1,0,62,63.0
619,WI,2012,92,33,0,3,6,1,0,0,1,1,8,0,0,0,0,1,0,4,10,0,0,2,0,0,0,67,92.0
620,WI,2013,108,26,1,6,3,0,0,0,0,0,11,0,0,0,0,1,0,1,19,0,3,9,0,0,0,64,108.0
621,WI,2014,58,27,0,9,4,0,0,0,0,1,3,0,0,0,0,2,1,2,17,1,2,2,1,1,0,96,58.0
622,WI,2015,110,32,1,7,8,1,0,0,0,0,5,0,0,1,0,0,0,9,30,6,1,2,0,1,0,81,110.0
623,WI,2016,118,52,1,18,5,0,0,0,0,1,5,0,0,0,0,1,0,5,3,2,2,6,1,1,0,97,118.0
624,WI,2017,123,24,1,6,6,0,1,2,0,0,5,0,0,1,0,0,0,1,5,1,2,6,2,0,0,101,123.0
625,WV,1998,9,4,0,0,2,0,0,0,0,0,3,0,1,0,0,0,0,0,1,1,0,1,0,0,0,1,9.0
626,WV,1999,12,23,0,5,2,0,1,0,0,2,4,0,1,0,0,3,0,1,4,2,2,12,0,1,0,2,12.0
627,WV,2000,17,16,0,4,4,0,0,0,0,1,4,0,0,0,0,1,0,0,0,0,2,5,0,0,0,7,17.0
628,WV,2001,12,9,1,3,0,0,1,0,0,1,3,0,0,0,0,1,0,0,2,1,1,7,0,0,0,0,12.0
629,WV,2002,11,19,2,4,1,2,0,0,0,0,6,0,1,0,1,1,0,3,5,5,1,7,1,1,0,13,11.0
630,WV,2003,9,25,0,5,2,1,1,0,0,0,2,1,0,0,1,3,0,1,3,3,3,4,1,0,0,6,9.0
631,WV,2004,39,13,0,2,3,0,4,0,0,1,0,0,0,0,0,2,0,1,7,1,0,6,2,0,0,5,39.0
632,WV,2005,17,21,1,3,4,0,3,0,0,1,3,0,1,1,2,1,0,3,11,1,1,7,2,1,0,9,17.0
633,WV,2006,17,12,0,5,7,0,2,0,0,1,2,0,0,0,4,1,0,2,10,1,3,8,2,1,0,6,17.0
634,WV,2007,14,9,1,4,6,2,0,0,0,0,1,1,0,0,0,1,0,1,11,5,0,8,3,0,0,10,14.0
635,WV,2008,10,14,0,5,6,0,2,0,0,2,1,0,0,0,0,0,0,2,14,3,0,8,0,0,0,12,10.0
636,WV,2009,20,22,0,6,3,0,1,0,0,0,5,0,0,1,1,2,0,0,11,2,0,6,0,0,0,6,20.0
637,WV,2010,6,11,0,2,5,1,0,0,0,0,1,0,0,0,1,2,1,0,10,2,2,7,2,0,1,1,6.0
638,WV,2011,9,26,1,6,7,1,1,0,0,0,2,0,0,0,0,0,0,3,16,5,3,8,0,0,0,8,9.0
639,WV,2012,11,24,0,4,4,0,1,0,0,0,3,0,0,0,3,1,0,2,13,2,0,7,0,0,0,9,11.0
640,WV,2013,12,11,0,2,4,0,1,0,0,0,5,1,0,0,0,2,0,1,7,2,0,6,1,2,0,6,12.0
641,WV,2014,17,40,1,2,11,1,0,0,0,0,2,0,0,0,0,3,0,4,11,3,1,7,0,0,0,7,17.0
642,WV,2015,7,27,0,3,5,2,0,0,0,1,2,0,2,1,2,2,1,0,17,2,2,2,0,0,0,7,7.0
643,WV,2016,24,28,0,1,7,1,1,0,0,0,7,0,0,0,0,1,1,0,9,0,1,5,0,0,0,12,24.0
644,WV,2017,20,31,0,4,8,2,0,0,0,0,2,0,0,0,0,1,0,2,3,3,2,5,0,0,0,2,20.0
