,State,Year,Unknown,0-9,10-19,20-29,30-39,40-49,50-59,60-69,70-79,80-89,90-99
0,AL,1991,28,11,54,131,105,49,16,20,12,7,1
1,AL,1992,12,10,33,67,70,43,16,15,7,5,0
2,AL,2006,0,0,0,2,0,0,0,0,0,0,0
3,AL,2008,0,0,0,0,0,1,1,0,0,0,0
4,AL,2009,0,0,0,1,1,0,0,0,0,0,0
5,AL,2010,0,0,0,1,0,0,0,0,0,0,0
6,AL,2012,0,0,1,0,0,0,0,1,0,0,0
7,AL,2013,0,0,0,0,2,0,0,0,0,0,0
8,AL,2014,0,0,0,1,0,0,0,0,0,0,0
9,AL,2015,0,0,0,1,1,1,0,0,0,0,0
10,AL,2016,1,0,0,0,2,0,0,0,0,0,0
11,AL,2017,0,0,1,1,0,0,0,0,0,0,0
12,AR,2001,0,0,0,0,1,0,0,0,0,0,0
13,AR,2002,0,0,0,2,0,1,0,0,0,0,0
14,AR,2003,4,2,3,11,10,8,3,0,1,1,0
15,AR,2004,9,2,2,18,14,15,5,6,2,1,1
16,AR,2005,9,2,6,36,21,11,8,8,0,1,1
17,AR,2006,10,10,12,23,20,12,10,6,2,1,0
18,AR,2007,7,3,12,28,22,15,14,4,0,4,0
19,AR,2008,12,4,7,26,23,17,8,3,4,0,0
20,AR,2009,12,3,10,51,27,23,28,6,10,1,0
21,AR,2010,7,3,9,31,30,26,13,7,4,2,0
22,AR,2011,5,2,9,68,32,19,14,7,2,0,1
23,AR,2012,6,6,16,50,32,26,23,9,3,1,1
24,AR,2013,5,4,9,42,42,26,13,9,5,0,0
25,AR,2014,7,3,12,43,31,30,16,14,8,1,0
26,AR,2015,3,4,15,50,33,27,23,14,8,1,1
27,AR,2016,1,12,14,57,47,31,33,10,3,2,0
28,AR,2017,7,12,31,69,47,38,26,10,7,0,3
29,AZ,2005,0,0,0,0,1,1,0,0,0,0,0
30,AZ,2006,0,0,0,0,1,0,0,1,0,0,0
31,AZ,2007,0,1,0,5,1,2,0,1,0,0,0
32,AZ,2008,0,1,1,1,1,0,0,0,0,0,0
33,AZ,2009,0,2,0,4,2,2,0,0,0,0,0
34,AZ,2010,1,1,0,3,5,0,1,0,0,0,0
35,AZ,2011,0,1,1,2,0,3,3,2,2,0,0
36,AZ,2012,0,1,1,2,1,3,0,1,0,0,0
37,AZ,2013,0,4,3,3,0,1,1,1,0,0,0
38,AZ,2014,1,4,0,1,1,3,0,0,0,0,0
39,AZ,2015,0,0,2,4,0,1,0,3,0,0,0
40,AZ,2016,0,1,1,2,3,1,1,1,0,1,0
41,AZ,2017,0,6,1,5,2,3,1,3,2,1,1
42,CO,1992,0,0,0,0,2,1,0,0,0,0,0
43,CO,1997,1,5,7,12,12,14,5,1,4,1,0
44,CO,1998,2,7,10,17,9,3,7,5,0,0,0
45,CO,1999,1,3,25,26,13,14,3,1,2,1,0
46,CO,2000,5,8,6,15,12,14,4,0,0,2,0
47,CO,2001,1,5,10,19,13,9,4,3,0,1,0
48,CO,2002,2,4,6,25,15,13,4,4,0,0,1
49,CO,2003,2,11,11,24,6,11,4,2,2,2,1
50,CO,2004,4,5,8,23,10,11,9,3,1,1,0
51,CO,2005,2,7,20,53,23,16,13,5,2,1,0
52,CO,2006,6,12,15,38,22,21,10,4,0,2,0
53,CO,2007,5,11,17,43,21,16,5,5,1,4,0
54,CO,2008,0,13,11,44,27,18,9,9,1,2,0
55,CO,2009,7,6,10,36,26,20,8,4,5,0,1
56,CO,2010,0,8,15,32,14,19,13,3,2,3,0
57,CO,2011,1,12,8,33,26,31,12,6,4,3,0
58,CO,2012,0,11,10,58,27,20,20,10,1,3,1
59,CO,2013,0,14,8,37,37,22,22,10,5,5,0
60,CO,2014,1,8,19,27,32,23,17,6,5,2,0
61,CO,2015,0,7,3,38,33,23,17,8,5,2,1
62,CO,2016,0,8,14,51,41,23,25,7,5,0,2
63,CO,2017,2,14,24,57,44,26,26,20,3,1,1
64,CT,1998,0,0,1,0,1,0,0,1,0,0,0
65,CT,1999,0,0,0,1,0,1,1,0,1,0,0
66,CT,2000,0,0,3,4,8,1,0,1,1,0,0
67,CT,2001,0,2,6,10,5,4,4,0,0,0,0
68,CT,2002,3,0,1,7,4,2,2,0,0,1,0
69,CT,2003,1,3,5,6,3,6,3,0,0,1,0
70,CT,2004,1,4,2,16,8,2,3,1,1,1,0
71,CT,2005,1,2,6,14,10,5,3,2,2,0,0
72,CT,2006,0,0,7,10,4,5,5,3,1,0,0
73,CT,2007,2,3,6,18,6,5,6,1,0,0,0
74,CT,2008,1,4,4,25,14,7,7,0,1,2,2
75,CT,2009,0,2,2,23,7,3,0,2,1,1,0
76,CT,2010,0,1,7,22,11,5,7,3,3,0,0
77,CT,2011,3,5,8,31,8,4,4,0,0,0,1
78,CT,2012,0,20,6,22,11,6,10,2,1,2,0
79,CT,2013,2,5,4,17,6,5,1,2,0,1,0
80,CT,2014,0,5,6,10,2,10,5,2,0,1,0
81,CT,2015,0,4,5,12,8,7,10,0,3,0,0
82,CT,2016,0,2,2,20,13,2,5,1,3,0,0
83,CT,2017,0,1,6,16,9,5,5,0,1,1,0
84,DC,2000,0,0,0,0,1,0,0,0,0,0,0
85,DC,2001,0,0,0,0,1,0,0,0,0,0,0
86,DC,2002,0,0,0,1,0,0,0,0,0,0,0
87,DC,2003,0,0,0,0,0,1,0,0,0,0,0
88,DC,2009,0,0,0,1,0,0,0,0,0,0,0
89,DC,2016,0,0,0,0,1,0,0,0,0,0,0
90,DE,2001,1,2,5,6,7,3,3,2,0,0,0
91,DE,2002,0,0,4,13,7,2,4,0,0,0,0
92,DE,2003,0,0,6,7,4,2,1,1,0,0,0
93,DE,2004,1,1,6,10,5,4,0,1,0,0,0
94,DE,2005,3,1,2,14,7,10,1,2,1,0,0
95,DE,2006,0,0,6,16,10,7,2,0,0,1,0
96,DE,2007,2,0,7,12,6,8,4,0,0,0,0
97,DE,2008,1,0,6,23,16,5,4,2,0,0,0
98,DE,2009,2,2,7,16,6,2,3,1,2,0,0
99,DE,2010,1,0,5,22,8,7,2,5,1,0,0
100,DE,2011,1,1,3,14,11,7,6,3,1,0,1
101,DE,2012,4,2,5,23,5,7,6,2,2,0,0
102,DE,2013,1,0,9,11,6,7,4,1,1,1,0
103,DE,2014,4,1,3,21,8,8,2,2,0,0,0
104,DE,2015,2,1,9,22,15,3,3,0,0,1,0
105,DE,2016,0,1,8,19,16,5,5,2,1,0,0
106,DE,2017,1,2,7,26,12,2,1,2,0,1,0
107,GA,2004,0,0,0,2,0,0,0,0,0,0,0
108,GA,2007,0,0,1,0,1,0,0,0,0,0,0
109,GA,2008,0,0,0,0,1,1,0,0,0,0,0
110,IA,1992,2,4,4,6,9,4,0,0,0,0,0
111,IA,1993,1,3,10,15,12,1,2,1,1,6,1
112,IA,1994,1,1,9,7,9,9,1,1,2,0,0
113,IA,1995,0,8,5,13,17,6,1,1,2,1,0
114,IA,1996,0,8,6,9,16,12,4,0,0,0,0
115,IA,1997,2,6,6,9,6,5,2,1,2,2,0
116,IA,1998,0,5,2,16,6,11,5,1,0,1,0
117,IA,1999,0,1,8,11,7,11,6,3,1,0,0
118,IA,2000,1,9,3,12,11,7,2,1,2,1,0
119,IA,2001,1,7,2,10,10,7,6,0,4,1,1
120,IA,2002,0,9,2,9,11,8,3,1,0,2,1
121,IA,2003,0,10,1,15,9,9,5,1,0,0,0
122,IA,2004,0,3,3,13,6,10,4,5,0,0,0
123,IA,2005,1,5,5,10,7,9,1,1,1,0,0
124,IA,2006,0,0,12,16,9,8,4,3,1,0,1
125,IA,2007,1,2,4,9,11,3,2,3,2,2,0
126,IA,2008,2,15,9,13,8,18,8,1,1,2,0
127,IA,2009,1,4,2,8,9,6,5,3,0,0,0
128,IA,2010,0,3,2,11,5,11,5,2,0,0,0
129,IA,2011,0,4,5,8,9,10,7,2,0,0,0
130,IA,2012,1,5,6,14,9,4,5,3,2,0,0
131,IA,2013,0,1,3,13,15,6,1,1,1,0,1
132,IA,2014,0,3,4,13,14,6,7,5,2,4,1
133,IA,2015,1,3,6,32,13,8,6,4,1,0,0
134,IA,2016,0,3,13,20,9,7,13,4,4,0,1
135,IA,2017,0,3,6,29,25,16,12,7,0,2,0
136,ID,1992,0,2,0,4,7,3,1,0,0,0,0
137,ID,1993,0,1,4,8,6,3,4,1,0,1,0
138,ID,1994,0,4,6,8,6,10,4,1,0,0,0
139,ID,1995,0,5,5,7,11,6,5,2,1,1,0
140,ID,1996,2,7,11,2,5,8,2,1,7,1,0
141,ID,1997,0,1,2,9,10,7,3,1,5,0,0
142,ID,1998,1,5,3,9,4,4,3,3,2,2,0
143,ID,1999,0,6,6,6,5,0,2,0,0,0,0
144,ID,2000,0,0,1,2,8,4,1,0,0,0,0
145,ID,2001,0,3,2,9,6,4,3,2,1,0,0
146,ID,2002,1,6,4,8,5,8,1,1,2,0,0
147,ID,2003,1,3,4,5,1,4,2,3,1,2,0
148,ID,2004,0,2,4,7,6,6,4,1,0,1,0
149,ID,2005,0,9,4,13,7,3,3,0,1,1,0
150,ID,2006,0,5,4,5,5,8,1,2,2,0,0
151,ID,2007,0,3,4,15,9,10,2,5,1,0,0
152,ID,2008,0,3,1,6,3,5,3,0,1,1,0
153,ID,2009,1,3,0,8,2,4,1,1,0,1,1
154,ID,2010,0,4,0,6,3,5,0,2,1,0,1
155,ID,2011,0,9,3,8,3,6,1,0,0,1,0
156,ID,2012,0,2,2,7,3,4,6,3,1,0,0
157,ID,2013,0,1,0,9,3,5,6,2,1,1,0
158,ID,2014,0,4,2,8,5,8,2,1,0,0,0
159,ID,2015,0,0,0,7,6,4,7,2,2,2,0
160,ID,2016,0,10,5,7,10,10,2,2,0,0,1
161,ID,2017,0,4,1,8,4,4,2,0,4,1,0
162,IL,1993,14,9,21,64,41,17,12,3,6,3,1
163,IL,1994,15,7,33,50,29,18,6,4,5,1,2
164,IL,2004,0,0,1,0,0,0,0,0,0,0,0
165,IL,2006,0,0,0,4,6,1,4,3,0,1,0
166,IL,2007,0,1,6,5,2,2,4,0,1,1,0
167,IL,2008,0,0,1,9,5,1,1,2,1,0,0
168,IL,2009,0,0,4,4,5,3,2,1,3,0,0
169,IL,2010,0,0,4,12,5,0,2,0,0,0,0
170,IL,2011,1,2,3,6,3,5,2,0,0,0,0
171,IL,2012,0,1,1,4,2,1,3,0,0,1,0
172,IL,2013,0,0,2,8,6,1,0,1,1,0,0
173,IL,2014,0,2,1,8,1,4,1,0,0,0,0
174,IL,2015,0,0,6,7,4,1,0,0,1,0,0
175,IL,2016,1,3,7,8,4,2,1,0,0,0,0
176,IL,2017,0,0,2,9,5,1,1,0,0,0,0
177,IN,2014,2,0,0,4,4,5,4,1,0,0,0
178,IN,2015,1,0,1,1,4,0,0,1,1,0,0
179,IN,2016,0,2,0,3,6,4,5,1,0,0,0
180,IN,2017,2,0,2,4,2,4,1,3,0,0,0
181,KS,2000,1,5,6,12,12,3,6,1,0,1,0
182,KS,2001,0,5,2,12,10,7,5,2,2,1,0
183,KS,2002,0,7,9,7,6,3,3,0,4,0,0
184,KS,2003,2,8,8,26,9,6,8,2,4,1,0
185,KS,2004,1,7,5,21,18,8,7,1,5,2,0
186,KS,2005,0,5,5,14,5,10,4,3,2,1,0
187,KS,2006,0,4,7,21,13,13,7,1,1,0,0
188,KS,2007,0,4,7,23,14,12,5,2,1,1,0
189,KS,2008,1,14,7,23,11,7,7,3,1,1,0
190,KS,2009,1,10,10,20,14,11,3,4,3,0,0
191,KS,2010,0,5,4,16,9,9,6,6,1,1,0
192,KS,2011,0,5,9,18,13,11,1,5,1,0,0
193,KS,2012,0,6,2,14,14,8,3,1,4,0,0
194,KS,2013,0,9,3,25,13,10,10,3,1,0,0
195,KS,2014,1,6,3,15,11,6,4,2,4,0,0
196,KS,2015,0,9,2,23,12,14,9,6,0,0,0
197,KS,2016,0,5,5,16,19,12,13,3,1,2,0
198,KS,2017,0,11,7,23,17,11,14,11,0,2,0
199,KY,1998,0,0,0,2,0,0,0,0,0,0,0
200,KY,1999,1,0,0,2,1,0,0,0,0,0,0
201,KY,2000,0,0,0,3,0,0,0,1,1,0,0
202,KY,2001,0,0,0,2,1,0,0,2,0,0,0
203,KY,2002,0,0,1,5,3,1,0,0,0,0,0
204,KY,2003,1,0,0,4,2,2,0,0,1,0,0
205,KY,2004,1,2,4,3,4,2,2,0,0,0,0
206,KY,2005,0,0,2,1,4,2,0,0,0,0,0
207,KY,2006,0,0,2,3,1,4,1,1,0,0,0
208,KY,2007,1,2,2,1,2,2,1,0,0,0,0
209,KY,2008,0,1,1,6,2,1,0,0,0,1,0
210,KY,2009,0,11,5,17,14,22,10,9,4,2,0
211,KY,2010,3,5,0,20,20,22,15,6,6,4,1
212,KY,2011,1,7,3,13,21,11,17,6,8,2,0
213,KY,2012,2,6,9,28,35,18,22,8,5,3,0
214,KY,2013,2,5,6,26,28,24,22,8,4,1,0
215,KY,2014,0,4,10,38,34,22,14,14,1,4,0
216,KY,2015,3,13,9,71,40,22,33,21,3,2,0
217,KY,2016,2,8,28,86,52,33,26,16,12,4,0
218,KY,2017,1,13,31,79,60,26,35,10,7,1,0
219,LA,2003,0,0,3,3,4,5,0,2,0,0,1
220,LA,2004,1,0,2,12,3,2,1,0,0,0,0
221,LA,2005,0,0,2,5,5,5,1,0,0,0,0
222,LA,2006,2,0,5,11,6,3,2,5,1,0,0
223,LA,2007,3,0,7,11,9,9,1,2,0,1,0
224,LA,2008,3,1,3,5,7,5,6,0,1,1,0
225,LA,2009,1,0,3,5,6,7,4,1,0,1,0
226,LA,2010,2,1,5,8,7,4,2,1,1,1,0
227,LA,2011,2,0,4,11,8,4,3,3,1,0,0
228,LA,2012,0,0,2,6,3,2,0,0,1,0,0
229,LA,2013,1,0,1,7,11,4,4,1,2,0,0
230,LA,2014,4,1,1,8,6,4,2,2,0,1,0
231,LA,2015,1,1,4,13,11,7,2,0,0,0,0
232,LA,2016,0,3,5,11,10,4,4,2,2,1,0
233,LA,2017,4,0,14,19,7,5,8,6,0,0,0
234,MA,1995,3,0,0,2,5,2,0,0,0,0,0
235,MA,1996,1,4,4,14,5,2,0,2,0,2,0
236,MA,1997,1,1,2,6,10,1,1,2,0,1,0
237,MA,1998,2,1,0,19,8,2,1,0,1,0,0
238,MA,1999,0,1,2,17,10,3,2,1,0,0,0
239,MA,2000,4,1,3,13,19,5,3,1,0,0,0
240,MA,2001,6,3,11,22,5,7,3,1,0,0,0
241,MA,2002,4,3,15,14,7,10,5,1,2,0,0
242,MA,2003,1,2,4,23,14,12,2,4,0,1,0
243,MA,2004,1,4,12,35,13,14,4,4,1,1,0
244,MA,2005,5,0,8,41,19,7,4,4,0,2,0
245,MA,2006,3,4,7,29,20,8,6,4,1,0,0
246,MA,2007,1,8,16,35,18,12,7,6,2,0,0
247,MA,2008,2,2,15,29,21,15,8,3,0,0,0
248,MA,2009,1,6,12,41,22,13,2,5,2,3,0
249,MA,2010,1,6,17,49,19,18,10,5,4,1,0
250,MA,2011,0,4,10,39,17,12,14,9,0,1,1
251,MA,2012,2,1,6,14,17,7,7,1,1,3,0
252,MA,2013,1,6,6,30,22,11,8,4,3,4,0
253,MA,2014,1,0,8,25,18,10,7,4,1,1,0
254,MA,2015,0,2,12,30,21,5,10,3,4,0,0
255,MA,2016,0,0,4,30,17,9,8,1,4,4,2
256,MA,2017,0,1,6,29,31,15,9,6,1,5,0
257,MD,2017,1,0,4,5,0,1,0,1,0,1,0
258,ME,2006,0,1,1,0,0,0,0,0,0,0,0
259,ME,2007,0,0,0,0,1,0,1,1,0,0,0
260,ME,2008,0,0,1,1,1,4,1,1,1,0,0
261,ME,2009,0,0,0,1,1,0,2,0,0,0,0
262,ME,2010,0,0,0,1,1,0,0,0,0,0,0
263,ME,2011,0,0,0,2,2,1,0,0,0,0,0
264,ME,2012,0,0,0,1,0,1,1,1,1,0,1
265,ME,2013,0,0,0,1,0,0,0,0,0,0,0
266,ME,2014,0,3,1,0,2,0,0,0,0,0,1
267,ME,2015,0,0,0,2,2,0,1,0,0,0,0
268,ME,2016,0,0,0,0,2,0,0,1,0,0,0
269,ME,2017,0,0,0,1,0,0,3,0,0,0,0
270,MI,1995,1,4,5,10,7,10,0,2,2,0,0
271,MI,1996,9,9,7,25,15,9,10,5,2,3,0
272,MI,1997,9,6,10,45,32,22,9,7,3,4,1
273,MI,1998,10,20,24,39,30,25,11,5,7,5,0
274,MI,1999,11,15,22,47,33,29,15,11,2,5,2
275,MI,2000,8,15,17,65,47,45,16,3,5,4,1
276,MI,2001,7,12,18,72,47,29,16,9,9,4,2
277,MI,2002,14,10,19,65,48,36,14,7,11,3,2
278,MI,2003,12,7,19,58,43,26,19,6,8,5,0
279,MI,2004,15,11,28,64,48,36,17,13,7,4,2
280,MI,2005,43,28,65,201,156,70,50,14,11,9,1
281,MI,2006,44,15,92,190,148,120,71,18,14,8,0
282,MI,2007,30,23,74,190,151,92,59,24,9,4,1
283,MI,2008,20,19,66,169,122,74,49,20,6,6,2
284,MI,2009,10,16,95,168,133,94,52,30,13,8,1
285,MI,2010,6,18,77,172,139,83,53,19,9,4,0
286,MI,2011,7,24,58,212,130,98,51,25,8,8,1
287,MI,2012,8,19,74,254,134,105,62,25,8,6,2
288,MI,2013,17,24,63,202,118,89,57,29,11,10,1
289,MI,2014,12,23,46,177,99,86,48,27,18,3,0
290,MI,2015,11,29,49,169,120,88,53,22,16,8,2
291,MI,2016,12,25,51,215,108,80,49,32,11,6,0
292,MI,2017,7,24,37,197,110,78,66,33,8,5,2
293,MN,2017,0,1,1,1,1,2,0,2,0,0,0
294,MO,2006,0,0,0,0,1,0,0,0,0,0,0
295,MO,2009,0,0,0,0,1,2,1,0,0,0,0
296,MO,2010,1,3,16,53,18,7,5,2,2,1,0
297,MO,2011,0,1,19,42,20,12,13,3,0,0,1
298,MO,2012,2,2,12,50,20,10,18,1,0,0,0
299,MO,2013,0,2,4,42,25,19,7,0,3,0,1
300,MO,2014,0,2,8,31,17,13,6,3,3,3,0
301,MO,2015,0,7,16,40,24,15,9,3,0,1,0
302,MO,2016,0,5,11,46,34,14,18,8,1,0,0
303,MO,2017,2,3,13,56,46,17,16,5,0,0,1
304,MS,2009,0,0,0,1,1,0,0,0,0,0,0
305,MS,2010,0,0,1,1,3,0,1,0,0,0,0
306,MS,2011,0,0,0,5,2,2,1,2,0,0,0
307,MS,2012,0,0,1,2,1,0,0,0,0,0,0
308,MS,2013,0,0,2,0,0,0,3,1,0,0,0
309,MS,2014,0,1,1,2,1,0,0,0,1,0,0
310,MS,2015,0,0,3,3,1,2,2,0,0,0,0
311,MS,2016,0,0,1,6,3,1,1,1,0,0,0
312,MS,2017,0,0,0,3,2,6,2,0,1,0,0
313,MT,2005,0,0,2,7,3,1,4,1,1,0,0
314,MT,2006,0,2,0,2,1,7,5,1,2,0,0
315,MT,2007,0,0,2,7,0,2,2,1,0,0,0
316,MT,2008,3,3,2,5,6,6,2,1,0,0,0
317,MT,2009,1,1,2,5,5,9,3,0,0,1,0
318,MT,2010,0,1,3,3,3,7,2,2,1,1,0
319,MT,2011,3,2,0,3,1,4,4,2,0,0,0
320,MT,2012,0,1,0,3,3,5,7,3,0,0,0
321,MT,2013,0,1,0,3,3,6,1,0,2,0,0
322,MT,2014,1,5,1,6,6,2,3,3,3,0,0
323,MT,2015,1,4,2,7,7,4,6,4,3,0,0
324,MT,2016,1,3,1,5,5,6,3,2,3,1,0
325,MT,2017,0,2,1,5,9,6,4,3,1,1,0
326,NE,1998,0,0,1,1,0,1,0,0,0,0,0
327,NE,1999,0,0,0,2,2,1,0,0,0,0,0
328,NE,2000,0,0,0,3,0,1,1,0,0,1,0
329,NE,2001,1,0,0,0,2,0,0,0,0,0,0
330,NE,2002,0,0,0,2,1,3,1,0,0,0,0
331,NE,2003,0,0,0,0,0,2,0,2,0,0,0
332,NE,2004,2,1,0,1,3,3,1,0,0,0,0
333,NE,2005,0,0,0,1,1,1,0,0,0,0,0
334,NE,2006,1,1,0,2,0,2,0,0,0,0,0
335,NE,2007,0,1,0,4,0,5,0,0,0,0,0
336,NE,2008,0,0,0,4,3,1,3,0,0,0,0
337,NE,2009,0,0,0,1,0,0,0,0,0,0,0
338,NE,2010,0,1,1,2,1,2,2,0,0,0,0
339,NE,2011,0,1,2,1,3,2,1,0,0,0,0
340,NE,2012,0,0,0,1,1,0,0,1,0,0,0
341,NE,2013,0,0,0,0,0,1,2,1,0,0,0
342,NE,2014,0,1,0,3,1,1,2,0,0,0,0
343,NE,2015,0,0,0,3,1,0,2,0,0,0,0
344,NE,2016,0,0,0,0,1,2,0,1,0,0,0
345,NE,2017,0,0,1,1,4,1,2,1,0,0,0
346,ND,1991,0,0,0,1,0,0,0,2,0,0,0
347,ND,1992,0,1,0,1,0,1,0,1,1,0,0
348,ND,1993,1,0,1,1,2,3,0,0,0,0,0
349,ND,1995,0,0,0,0,0,0,1,0,1,0,0
350,ND,1996,0,0,0,2,1,5,0,1,0,0,0
351,ND,1997,0,0,0,0,2,0,2,1,0,0,0
352,ND,1998,0,1,1,2,0,1,0,0,0,0,0
353,ND,1999,1,0,1,1,2,1,0,0,0,0,0
354,ND,2000,0,0,0,0,2,1,0,0,0,0,0
355,ND,2001,0,1,1,0,2,2,1,1,0,0,0
356,ND,2002,0,0,0,1,0,0,0,0,1,0,0
357,ND,2003,0,0,3,1,1,1,0,0,0,0,0
358,ND,2004,0,1,2,1,0,2,0,1,0,0,0
359,ND,2005,0,2,1,0,1,3,2,0,1,1,0
360,ND,2006,1,1,0,2,0,1,2,0,0,0,0
361,ND,2007,1,1,3,3,1,1,0,1,1,0,0
362,ND,2008,1,0,0,0,1,0,0,0,0,0,0
363,ND,2009,2,0,1,0,1,4,0,0,1,0,0
364,ND,2010,0,0,1,1,2,1,3,0,0,0,0
365,ND,2011,0,1,3,3,2,1,2,0,1,0,0
366,ND,2012,0,4,2,2,1,0,2,2,0,1,0
367,ND,2013,0,1,1,2,3,2,1,1,0,0,0
368,ND,2014,0,0,1,7,1,1,3,2,0,0,0
369,ND,2015,0,3,0,2,6,4,1,0,1,0,0
370,ND,2016,0,0,0,9,2,3,0,1,0,0,0
371,ND,2017,0,0,0,5,1,2,1,0,0,0,0
372,NH,2003,0,0,0,1,2,4,0,0,0,0,0
373,NH,2004,0,0,0,1,0,4,2,1,0,1,0
374,NH,2005,0,2,0,3,2,1,2,0,2,0,1
375,NH,2006,0,1,0,4,1,2,0,0,0,0,0
376,NH,2007,0,0,0,3,2,1,1,0,0,0,0
377,NH,2008,0,0,0,3,3,3,2,2,0,0,0
378,NH,2009,1,2,0,2,1,3,1,0,1,0,0
379,NH,2010,0,1,0,5,2,2,3,1,0,0,0
380,NH,2011,1,2,1,5,2,1,3,1,0,0,0
381,NH,2012,0,0,1,3,1,6,2,1,0,1,0
382,NH,2013,1,3,0,3,4,2,4,2,2,1,0
383,NH,2014,0,1,0,2,2,4,3,2,1,0,0
384,NH,2015,0,3,0,3,1,3,3,2,2,0,0
385,NH,2016,0,2,1,2,2,1,5,4,0,1,0
386,NH,2017,0,1,1,4,3,3,1,0,1,0,0
387,OH,1998,2,1,3,7,13,5,1,1,0,0,0
388,OH,1999,3,3,7,17,22,7,6,4,3,1,0
389,OH,2000,4,2,6,19,8,12,9,0,0,3,0
390,OH,2001,6,10,14,32,28,20,4,5,3,0,0
391,OH,2002,8,9,24,67,27,26,10,3,3,2,0
392,OH,2003,9,6,18,51,32,28,14,4,7,2,0
393,OH,2004,22,10,29,116,58,56,22,11,8,6,1
394,OH,2005,15,24,64,141,88,71,35,15,6,1,0
395,OH,2006,18,20,46,139,82,51,40,6,8,3,0
396,OH,2007,16,22,49,148,58,60,40,11,4,4,0
397,OH,2008,8,20,51,123,85,57,31,7,4,5,0
398,OH,2009,11,20,39,128,91,58,38,15,3,5,5
399,OH,2010,11,19,40,144,86,55,25,20,7,4,1
400,OH,2011,1,19,46,139,76,53,36,19,4,6,1
401,OH,2012,3,16,48,117,79,46,40,18,12,1,0
402,OH,2013,5,13,51,132,88,47,34,11,5,0,5
403,OH,2014,1,15,37,129,78,52,44,14,4,4,2
404,OH,2015,10,23,48,143,105,48,26,19,6,3,1
405,OH,2016,6,17,51,222,107,71,58,16,9,5,0
406,OH,2017,8,18,73,219,142,75,63,20,10,3,0
407,OK,2008,0,0,3,1,6,1,2,3,1,0,0
408,OK,2009,0,0,2,4,1,0,3,1,0,0,0
409,OK,2010,0,5,1,6,3,2,2,2,0,0,0
410,OK,2011,1,0,2,5,8,2,6,1,0,1,0
411,OK,2012,0,0,3,3,3,6,7,1,0,0,0
412,OK,2013,0,2,2,7,9,5,2,5,3,1,0
413,OK,2014,1,2,4,7,6,6,5,4,1,1,1
414,OK,2015,1,3,4,12,10,10,8,6,1,1,1
415,OK,2016,1,3,3,10,16,16,6,6,2,0,0
416,OK,2017,1,1,6,13,10,12,5,3,0,0,0
417,OR,2003,0,0,0,1,0,1,1,0,0,0,0
418,OR,2004,0,1,2,4,4,0,3,2,1,0,0
419,OR,2005,1,1,1,4,4,3,3,0,0,1,0
420,OR,2006,1,3,1,9,4,2,2,1,0,1,0
421,OR,2007,0,4,2,2,1,6,2,1,0,1,0
422,OR,2008,2,2,0,5,3,6,3,0,0,0,0
423,OR,2009,0,1,0,7,0,3,9,0,2,1,1
424,OR,2010,0,6,1,5,5,5,1,4,0,1,0
425,OR,2011,0,7,4,7,9,5,2,2,1,0,0
426,OR,2012,2,3,4,6,5,0,3,0,2,1,0
427,OR,2013,0,0,3,4,8,3,2,2,2,1,0
428,OR,2014,0,3,1,6,4,3,6,5,1,0,0
429,OR,2015,3,2,3,23,15,19,14,8,5,0,1
430,OR,2016,0,4,7,25,13,14,15,7,5,2,1
431,OR,2017,2,3,6,18,20,13,23,3,4,2,1
432,PA,2013,0,0,0,2,1,0,1,0,0,0,0
433,PA,2014,0,0,0,1,0,0,0,0,0,0,0
434,PA,2015,0,0,0,0,1,0,0,0,0,0,0
435,PA,2016,1,0,0,5,1,1,0,0,0,0,1
436,PA,2017,0,0,0,0,1,1,0,0,0,0,0
437,RI,2004,0,1,1,0,1,0,1,0,1,0,0
438,RI,2005,1,0,1,3,4,1,0,1,0,1,2
439,RI,2006,0,2,0,5,3,5,0,0,0,0,1
440,RI,2007,0,0,3,7,3,3,0,2,1,0,0
441,RI,2008,0,0,8,8,4,4,3,4,0,0,0
442,RI,2009,0,2,5,13,6,1,5,0,0,0,0
443,RI,2010,1,0,3,11,7,3,1,2,0,1,0
444,RI,2011,0,0,3,7,6,3,0,0,1,0,0
445,RI,2012,1,1,1,14,9,5,4,1,0,0,0
446,RI,2013,0,0,4,11,0,5,4,5,2,0,0
447,RI,2014,0,0,1,10,4,7,2,1,1,0,0
448,RI,2015,1,1,0,8,7,7,3,2,1,1,0
449,RI,2016,1,1,1,8,4,4,5,3,0,2,0
450,RI,2017,0,2,1,7,4,3,1,2,0,0,0
451,SC,1991,0,13,51,119,97,53,22,16,4,4,0
452,SC,1992,1,12,36,111,107,51,35,15,8,3,1
453,SC,1993,1,12,54,127,82,64,21,11,11,7,0
454,SC,1994,0,17,44,114,80,43,26,22,9,2,1
455,SC,1995,0,7,21,67,72,41,17,11,8,1,3
456,SC,1996,0,14,34,101,77,47,30,16,16,5,0
457,SC,1997,1,12,33,81,82,59,22,16,8,2,2
458,SC,1998,2,15,30,94,69,48,27,11,10,6,0
459,SC,1999,2,13,29,96,61,46,26,8,2,2,0
460,SC,2000,4,14,36,96,64,46,27,6,7,0,0
461,SC,2001,1,15,29,103,78,51,23,16,11,2,0
462,SC,2002,5,9,25,101,74,49,14,18,5,5,1
463,SC,2003,1,16,33,97,62,50,27,8,6,2,0
464,SC,2004,0,12,29,80,68,52,27,7,6,2,2
465,SC,2005,0,11,27,99,62,61,25,13,13,5,0
466,SC,2006,0,15,39,115,68,56,41,14,6,7,0
467,SC,2007,6,16,44,123,69,39,31,20,9,7,0
468,SC,2008,9,12,30,89,57,45,39,13,6,5,1
469,SC,2009,3,14,31,88,69,39,29,20,7,4,0
470,SC,2010,1,12,20,84,59,34,30,15,5,7,1
471,SC,2011,2,15,27,98,72,47,35,14,5,4,0
472,SC,2012,2,3,22,121,68,44,34,22,10,5,0
473,SC,2013,3,17,30,81,67,40,33,20,11,1,1
474,SC,2014,2,16,30,113,52,41,35,17,10,3,2
475,SC,2015,4,10,33,135,96,42,48,15,16,6,0
476,SC,2016,6,11,35,95,83,54,37,21,13,1,0
477,SC,2017,6,20,35,128,74,57,33,17,12,6,0
478,SD,2000,0,0,1,0,2,0,0,0,0,0,0
479,SD,2001,0,0,0,3,0,0,1,0,0,0,0
480,SD,2002,0,0,0,1,2,2,0,0,0,0,0
481,SD,2003,0,1,1,1,1,0,0,0,0,0,0
482,SD,2004,0,0,0,4,2,1,0,0,1,1,0
483,SD,2005,0,2,0,0,1,2,2,1,0,1,0
484,SD,2006,0,1,0,1,3,3,3,0,0,0,0
485,SD,2007,2,2,2,2,1,2,1,1,0,1,0
486,SD,2008,2,1,2,4,1,7,2,0,4,1,0
487,SD,2009,1,0,4,5,4,4,0,0,0,0,0
488,SD,2010,0,1,1,6,3,1,1,1,0,0,0
489,SD,2011,0,2,0,7,1,1,1,2,1,0,0
490,SD,2012,4,3,1,0,1,3,2,0,1,0,0
491,SD,2013,0,4,0,3,3,1,1,0,0,0,0
492,SD,2014,0,2,0,3,3,4,4,0,1,0,0
493,SD,2015,0,5,5,5,5,4,3,1,0,0,0
494,SD,2016,0,3,1,6,3,5,0,2,1,0,0
495,SD,2017,0,2,2,3,9,3,0,1,0,0,0
496,TN,1997,5,0,2,2,5,2,1,0,0,0,0
497,TN,1998,15,2,7,21,16,16,5,1,2,1,0
498,TN,1999,10,5,12,34,26,24,10,8,2,3,0
499,TN,2000,34,11,35,83,60,44,30,11,1,5,0
500,TN,2001,38,13,34,119,80,56,47,15,14,2,1
501,TN,2002,28,17,39,116,95,59,35,19,10,5,3
502,TN,2003,10,14,26,126,85,71,34,13,9,7,2
503,TN,2004,15,15,35,105,69,64,25,15,11,2,0
504,TN,2005,16,20,36,135,95,63,30,17,12,5,2
505,TN,2006,6,13,47,126,80,74,40,15,12,5,1
506,TN,2007,8,14,39,132,86,67,32,13,10,4,0
507,TN,2008,2,21,45,122,84,66,37,20,7,5,3
508,TN,2009,7,23,57,128,97,71,47,26,6,6,0
509,TN,2010,1,14,34,106,72,40,48,26,11,5,1
510,TN,2011,2,18,38,114,73,64,32,20,9,9,1
511,TN,2012,2,19,37,125,86,49,45,25,13,0,0
512,TN,2013,0,16,38,100,70,47,41,16,6,1,0
513,TN,2014,0,18,24,130,74,53,34,24,7,6,0
514,TN,2015,1,16,47,138,87,49,50,25,6,4,0
515,TN,2016,0,19,44,181,105,57,54,24,10,2,0
516,TN,2017,3,18,64,157,119,82,51,24,4,5,0
517,TX,1997,0,0,5,6,7,7,1,0,1,0,0
518,TX,1998,2,3,8,7,10,3,5,0,1,1,0
519,TX,1999,0,2,5,12,10,8,3,0,1,0,0
520,TX,2000,0,3,6,15,11,8,5,0,2,0,0
521,TX,2001,3,4,12,12,22,12,3,3,2,1,0
522,TX,2002,3,3,5,19,14,11,8,6,1,1,0
523,TX,2003,1,6,5,19,21,13,6,5,4,1,1
524,TX,2004,4,3,7,24,12,10,4,1,0,1,0
525,TX,2005,4,3,16,20,17,14,3,3,3,2,0
526,TX,2006,2,10,21,36,28,22,9,2,2,1,2
527,TX,2007,1,16,15,41,21,22,13,4,3,1,0
528,TX,2008,7,8,16,37,22,18,17,2,4,0,0
529,TX,2009,2,8,13,34,14,19,16,6,2,3,0
530,TX,2010,1,8,14,44,26,20,15,8,4,1,0
531,TX,2011,1,6,9,28,25,21,10,3,3,0,0
532,TX,2012,6,9,8,24,27,10,8,5,1,0,0
533,TX,2013,4,6,11,36,15,11,15,8,2,0,0
534,TX,2014,1,8,10,27,29,20,17,8,3,1,0
535,TX,2015,1,5,7,41,29,19,13,5,2,1,0
536,TX,2016,3,8,15,53,27,22,17,5,4,2,0
537,TX,2017,3,10,21,65,53,29,22,11,5,2,0
538,UT,1993,1,1,1,1,6,1,1,0,0,0,0
539,UT,1994,3,1,0,4,4,2,1,0,0,0,0
540,UT,1995,2,1,5,5,8,2,2,1,1,0,0
541,UT,1996,1,0,5,4,4,1,0,0,0,0,0
542,UT,1997,0,2,18,7,1,0,0,2,0,0,0
543,UT,1998,2,1,7,4,5,3,3,0,1,0,0
544,UT,1999,0,4,4,8,5,1,1,0,0,0,0
545,UT,2000,1,3,12,4,4,4,1,1,0,1,0
546,UT,2001,3,2,5,15,14,5,9,1,1,1,0
547,UT,2002,1,3,0,14,8,6,3,1,0,0,0
548,UT,2003,1,4,4,15,8,10,4,1,2,0,0
549,UT,2004,4,2,4,11,9,2,1,2,3,2,0
550,UT,2005,3,3,5,20,8,1,4,0,1,0,0
551,UT,2006,2,6,5,15,6,8,2,1,0,1,0
552,UT,2007,1,6,6,15,12,3,4,4,1,0,0
553,UT,2008,1,7,3,8,4,6,5,1,0,1,0
554,UT,2009,0,3,3,5,8,4,4,3,2,0,0
555,UT,2010,1,8,3,9,11,4,5,5,1,0,0
556,UT,2011,0,6,2,11,4,12,3,5,0,2,0
557,UT,2012,0,7,4,13,8,4,7,1,2,1,0
558,UT,2013,0,4,6,7,10,6,3,2,1,1,0
559,UT,2014,0,16,6,10,8,10,3,2,4,1,0
560,UT,2015,1,6,3,15,16,3,3,2,0,1,0
561,UT,2016,0,4,8,22,18,5,7,5,1,0,1
562,UT,2017,1,6,7,13,15,13,8,3,1,1,0
563,VA,1994,0,0,1,2,3,2,1,1,0,0,1
564,VA,1995,0,0,2,8,6,2,2,0,2,0,0
565,VA,1996,0,2,4,10,9,12,1,2,2,1,0
566,VA,1997,4,3,6,27,17,6,9,4,1,1,0
567,VA,1998,1,4,8,22,28,27,6,6,3,0,2
568,VA,1999,5,7,24,45,47,25,12,8,6,4,2
569,VA,2000,17,12,41,116,76,57,23,17,11,5,1
570,VA,2001,16,14,37,125,62,47,17,17,9,11,1
571,VA,2002,23,18,49,117,80,49,17,10,10,9,2
572,VA,2003,18,17,49,144,67,66,31,10,8,3,1
573,VA,2004,17,10,42,131,65,61,36,12,7,7,1
574,VA,2005,16,21,52,161,82,65,37,13,10,1,0
575,VA,2006,11,22,35,124,69,65,40,16,16,3,0
576,VA,2007,8,9,60,157,62,56,40,12,7,3,1
577,VA,2008,7,14,42,119,67,62,29,17,8,5,0
578,VA,2009,8,18,37,112,76,53,37,14,10,3,1
579,VA,2010,7,19,37,133,56,58,35,16,5,7,0
580,VA,2011,6,17,26,86,58,49,30,13,9,8,2
581,VA,2012,3,17,33,89,58,45,47,10,10,6,1
582,VA,2013,11,16,29,104,58,43,34,13,9,2,1
583,VA,2014,4,26,34,94,71,44,38,23,10,3,0
584,VA,2015,7,27,42,125,76,37,33,18,9,3,0
585,VA,2016,13,23,39,163,99,52,44,24,8,8,1
586,VA,2017,9,14,61,140,84,56,45,27,10,5,2
587,VT,1994,0,0,0,0,0,1,1,0,0,0,0
588,VT,1995,0,0,0,0,0,6,1,2,0,0,0
589,VT,1996,0,0,1,1,0,0,1,0,1,0,0
590,VT,1997,0,0,0,0,1,2,1,0,0,0,0
591,VT,1998,0,0,0,0,2,3,2,0,0,1,0
592,VT,1999,0,0,0,2,3,4,0,1,0,0,0
593,VT,2000,0,0,0,2,0,6,0,0,0,0,0
594,VT,2001,0,0,2,2,0,1,2,0,0,0,0
595,VT,2002,0,1,2,5,4,0,1,0,0,0,0
596,VT,2003,0,0,3,2,3,4,2,0,0,1,0
597,VT,2004,0,2,0,3,4,1,2,2,2,0,0
598,VT,2005,0,0,1,0,4,1,2,0,0,0,0
599,VT,2006,0,1,0,3,5,2,3,0,0,0,0
600,VT,2007,0,2,1,4,4,1,1,0,0,0,0
601,VT,2008,0,4,1,3,3,2,2,1,0,1,0
602,VT,2009,0,3,1,1,0,1,1,0,1,0,0
603,VT,2010,0,2,0,0,1,1,0,2,1,0,0
604,VT,2011,0,0,2,2,2,1,4,0,0,0,0
605,VT,2012,0,0,0,0,2,2,0,0,1,3,0
606,VT,2013,0,1,1,0,2,2,1,1,2,0,0
607,VT,2014,0,2,0,4,0,1,2,1,0,0,0
608,VT,2016,0,0,5,2,3,1,2,0,1,0,0
609,VT,2017,0,0,0,2,2,2,5,0,0,3,0
610,WA,2007,1,2,4,8,6,1,1,2,0,0,0
611,WA,2008,1,5,3,11,7,7,1,0,0,0,0
612,WA,2009,1,4,4,6,6,5,3,5,0,0,0
613,WA,2010,0,2,3,9,9,7,2,4,1,1,0
614,WA,2011,1,5,5,9,12,14,7,2,0,3,0
615,WA,2012,1,7,16,38,29,23,26,6,1,2,0
616,WA,2013,1,5,11,46,17,17,20,9,1,3,1
617,WA,2014,2,12,15,42,23,14,15,10,3,2,2
618,WA,2015,2,11,23,44,29,20,25,5,5,4,2
619,WA,2016,0,7,17,50,35,25,18,19,2,1,3
620,WA,2017,3,9,21,59,40,25,21,16,6,4,1
621,WI,2005,1,2,19,41,21,22,8,2,4,2,0
622,WI,2006,0,7,22,36,20,9,9,2,0,0,0
623,WI,2007,1,2,16,50,17,9,6,3,1,0,1
624,WI,2008,5,3,10,24,17,8,5,1,1,0,0
625,WI,2009,5,3,7,33,15,19,3,2,1,0,1
626,WI,2010,0,6,17,38,20,13,13,8,0,2,0
627,WI,2011,3,10,14,34,29,6,8,3,2,0,0
628,WI,2012,0,4,14,43,23,13,12,1,0,0,0
629,WI,2013,0,4,14,48,27,12,13,4,2,1,1
630,WI,2014,0,5,10,39,28,15,12,2,2,0,0
631,WI,2015,1,7,24,72,42,17,14,4,4,0,1
632,WI,2016,0,6,13,66,51,26,11,8,4,0,0
633,WI,2017,1,6,13,57,34,17,16,2,3,1,0
634,WV,1998,0,1,0,3,3,3,1,2,1,0,0
635,WV,1999,0,0,6,13,15,19,9,2,5,0,0
636,WV,2000,3,6,7,13,12,9,6,2,1,0,0
637,WV,2001,1,1,1,10,5,5,6,6,2,3,0
638,WV,2002,3,3,4,18,19,12,7,5,4,1,0
639,WV,2003,1,2,5,15,8,17,7,5,2,2,1
640,WV,2004,6,3,5,13,17,10,8,2,1,1,0
641,WV,2005,1,8,8,19,20,13,6,1,2,0,0
642,WV,2006,4,3,2,20,15,16,5,3,4,2,1
643,WV,2007,0,9,4,16,8,14,8,1,1,0,0
644,WV,2008,7,4,3,17,9,5,10,0,8,1,0
645,WV,2009,1,1,5,18,15,14,11,7,2,3,0
646,WV,2010,1,8,3,8,14,8,9,4,2,0,0
647,WV,2011,5,3,7,26,12,14,8,5,3,1,0
648,WV,2012,3,4,3,14,15,16,9,2,1,2,0
649,WV,2013,2,2,4,15,9,7,11,3,2,3,0
650,WV,2014,3,6,3,11,19,10,14,3,3,0,1
651,WV,2015,2,4,5,23,11,9,9,2,3,3,0
652,WV,2016,3,5,5,27,20,12,5,4,1,3,0
653,WV,2017,7,3,2,14,14,21,7,7,3,1,0
